Fecha,Ticker,Tipo,Precio,Capital_Invertido,Capital_Recuperado,Beneficio,Retorno_%,Dias,Año
2025-05-07,CRWD,BUY,422.5199890136719,25000.0,0.0,0.0,0.0,0,2025
2025-05-07,LCID,BUY,22.5,22500.0,0.0,0.0,0.0,0,2025
2025-05-07,MRVL,BUY,56.18628692626953,20250.0,0.0,0.0,0.0,0,2025
2025-05-07,RIVN,BUY,12.720000267028809,18225.0,0.0,0.0,0.0,0,2025
2025-05-07,UPST,BUY,46.439998626708984,16402.5,0.0,0.0,0.0,0,2025
2025-05-07,VST,BUY,138.9798126220703,14762.25,0.0,0.0,0.0,0,2025
2025-05-08,RIVN,SELL,13.680000305175781,18225.0,19600.471723894498,1375.4717238944977,7.547169952781885,1,2025
2025-05-09,LCID,SELL,25.100000381469727,22500.0,25100.000381469727,2600.0003814697266,11.555557250976566,2,2025
2025-05-09,MRVL,SELL,59.518951416015625,20250.0,21451.119696802845,1201.1196968028453,5.931455292853549,2,2025
2025-05-09,COIN,BUY,199.32000732421875,19901.184180216707,0.0,0.0,0.0,0,2025
2025-05-09,CVNA,BUY,268.1199951171875,17911.065762195034,0.0,0.0,0.0,0,2025
2025-05-12,UPST,SELL,52.959999084472656,16402.5,18705.349066988598,2302.8490669885978,14.039622417244924,5,2025
2025-05-12,VST,SELL,145.5452423095703,14762.25,15459.621169062188,697.3711690621876,4.7240167932543375,5,2025
2025-05-12,COIN,SELL,207.22000122070312,19901.184180216707,20689.962164259156,788.7779840424482,3.9634726099693873,3,2025
2025-05-12,CVNA,SELL,279.6199951171875,17911.065762195034,18679.29364529348,768.2278830984469,4.289124350824225,3,2025
2025-05-13,CRWD,SELL,440.20001220703125,25000.0,26046.105725946334,1046.1057259463341,4.184422903785334,6,2025
2025-05-14,UPST,BUY,51.31999969482422,26077.99236313051,0.0,0.0,0.0,0,2025
2025-05-15,COIN,BUY,244.44000244140625,23470.19312681746,0.0,0.0,0.0,0,2025
2025-05-16,COIN,SELL,266.4599914550781,23470.19312681746,25584.468162161404,2114.275035343944,9.008341021821998,1,2025
2025-05-16,AMAT,BUY,164.10195922851562,23681.620630351856,0.0,0.0,0.0,0,2025
2025-05-19,LCID,BUY,26.799999237060547,21313.45856731667,0.0,0.0,0.0,0,2025
2025-05-20,LCID,SELL,29.600000381469727,21313.45856731667,23540.238794133937,2226.7802268172672,10.447765761639193,1,2025
2025-05-21,UPST,SELL,43.91999816894531,26077.99236313051,22317.719868458484,-3760.2724946720264,-14.419332755033555,7,2025
2025-05-21,COF,BUY,184.4197540283203,23767.908576844246,0.0,0.0,0.0,0,2025
2025-05-21,CVNA,BUY,292.0899963378906,21391.117719159818,0.0,0.0,0.0,0,2025
2025-05-21,LCID,BUY,27.700000762939453,19252.005947243837,0.0,0.0,0.0,0,2025
2025-05-21,PLTR,BUY,120.58000183105469,17326.805352519452,0.0,0.0,0.0,0,2025
2025-05-21,RIVN,BUY,16.34000015258789,15594.12481726751,0.0,0.0,0.0,0,2025
2025-05-21,TTD,BUY,74.47000122070312,14034.71233554076,0.0,0.0,0.0,0,2025
2025-05-21,UPST,BUY,43.91999816894531,12631.241101986683,0.0,0.0,0.0,0,2025
2025-05-21,VST,BUY,151.50296020507812,11368.116991788014,0.0,0.0,0.0,0,2025
2025-05-22,ON,BUY,42.290000915527344,10231.305292609213,0.0,0.0,0.0,0,2025
2025-05-23,AMAT,SELL,156.5573272705078,23681.620630351856,22592.85171701811,-1088.7689133337444,-4.59752704567149,7,2025
2025-05-23,CVNA,SELL,304.1099853515625,21391.117719159818,22271.397780778305,880.2800616184868,4.115166272167392,2,2025
2025-05-23,VST,SELL,157.57022094726562,11368.116991788014,11823.377600844802,455.26060905678787,4.004714319756331,2,2025
2025-05-23,COIN,BUY,263.1600036621094,14876.937473212412,0.0,0.0,0.0,0,2025
2025-05-27,COF,SELL,190.07583618164062,23767.908576844246,24496.86109189094,728.9525150466943,3.066961119822187,6,2025
2025-05-27,PLTR,SELL,123.38999938964844,17326.805352519452,17730.589396303312,403.7840437838604,2.330400991808612,6,2025
2025-05-27,TTD,SELL,76.05999755859375,14034.71233554076,14334.365093041379,299.65275750061846,2.1350830023198597,6,2025
2025-05-27,UPST,SELL,47.65999984741211,12631.241101986683,13706.852779856737,1075.6116778700543,8.51548687247272,6,2025
2025-05-27,ON,SELL,43.400001525878906,10231.305292609213,10499.849981037434,268.544688428221,2.624735366094577,5,2025
2025-05-28,LCID,SELL,26.299999237060547,19252.005947243837,18278.979342189297,-973.0266050545397,-5.054156993930503,7,2025
2025-05-28,RIVN,SELL,15.479999542236328,15594.12481726751,14773.38083100601,-820.7439862614992,-5.2631615809095145,7,2025
2025-05-28,OKTA,BUY,105.2249984741211,24771.331577423687,0.0,0.0,0.0,0,2025
2025-05-29,LCID,BUY,24.100000381469727,22294.198419681317,0.0,0.0,0.0,0,2025
2025-05-29,RIVN,BUY,15.005000114440918,20064.778577713187,0.0,0.0,0.0,0,2025
2025-05-30,COIN,SELL,246.6199951171875,14876.937473212412,13941.899209399562,-935.0382638128503,-6.285152878383005,7,2025
2025-05-30,LRCX,BUY,80.29844665527344,19452.490640881824,0.0,0.0,0.0,0,2025
2025-05-30,MRVL,BUY,60.057762145996094,17507.241576793644,0.0,0.0,0.0,0,2025
2025-05-30,TSLA,BUY,346.4599914550781,15756.51741911428,0.0,0.0,0.0,0,2025
2025-06-03,LRCX,SELL,83.15099334716797,19452.490640881824,20143.526895480565,691.0362545987409,3.552430726512945,4,2025
2025-06-03,MRVL,SELL,62.22299575805664,17507.241576793644,18138.421736726803,631.1801599331593,3.605251901988993,4,2025
2025-06-04,OKTA,SELL,105.5999984741211,24771.331577423687,24859.611448901363,88.27987147767635,0.35637919262334616,7,2025
2025-06-04,CRWD,BUY,460.55999755859375,20495.021685313724,0.0,0.0,0.0,0,2025
2025-06-05,LCID,SELL,21.299999237060547,22294.198419681317,19704.000075253483,-2590.198344427834,-11.618261826095555,7,2025
2025-06-05,RIVN,SELL,13.779999732971191,20064.778577713187,18426.700522108982,-1638.0780556042046,-8.163947831568342,7,2025
2025-06-05,COIN,BUY,244.1999969482422,22258.5895765186,0.0,0.0,0.0,0,2025
2025-06-05,LCID,BUY,21.299999237060547,20032.73061886674,0.0,0.0,0.0,0,2025
2025-06-05,PLTR,BUY,119.91000366210938,18029.45755698006,0.0,0.0,0.0,0,2025
2025-06-05,TTD,BUY,71.11000061035156,16226.511801282059,0.0,0.0,0.0,0,2025
2025-06-06,TSLA,SELL,295.1400146484375,15756.51741911428,13422.556418000477,-2333.961001113803,-14.812670459034738,7,2025
2025-06-06,PLTR,SELL,127.72000122070312,18029.45755698006,19203.75507347058,1174.2975164905183,6.5132160120696,1,2025
2025-06-09,COIN,SELL,256.6300048828125,22258.5895765186,23391.572576133916,1132.9829996153167,5.090093402910578,4,2025
2025-06-09,LCID,SELL,22.299999237060547,20032.73061886674,20973.234437477735,940.503818610996,4.694835848914347,4,2025
2025-06-09,OKTA,BUY,101.19999694824219,22302.972471662128,0.0,0.0,0.0,0,2025
2025-06-10,CRWD,SELL,467.6499938964844,20495.021685313724,20810.52808939602,315.50640408229447,1.5394294718330537,6,2025
2025-06-11,TTD,SELL,72.37000274658203,16226.511801282059,16514.030284725974,287.5184834439151,1.7719056748918716,6,2025
2025-06-11,ON,BUY,51.779998779296875,23805.131061908112,0.0,0.0,0.0,0,2025
2025-06-12,COIN,BUY,241.0500030517578,21424.6179557173,0.0,0.0,0.0,0,2025
2025-06-12,CVNA,BUY,318.95001220703125,19282.15616014557,0.0,0.0,0.0,0,2025
2025-06-12,NET,BUY,170.80999755859375,17353.940544131012,0.0,0.0,0.0,0,2025
2025-06-12,UPST,BUY,54.58000183105469,15618.546489717912,0.0,0.0,0.0,0,2025
2025-06-13,MRVL,BUY,67.04238891601562,14056.69184074612,0.0,0.0,0.0,0,2025
2025-06-13,RIVN,BUY,13.420000076293945,12651.022656671508,0.0,0.0,0.0,0,2025
2025-06-13,TTD,BUY,67.95999908447266,11385.920391004358,0.0,0.0,0.0,0,2025
2025-06-13,URI,BUY,690.4765014648438,10247.328351903921,0.0,0.0,0.0,0,2025
2025-06-16,OKTA,SELL,99.27999877929688,22302.972471662128,21879.833463767398,-423.13900789472973,-1.8972314494508091,7,2025
2025-06-16,ON,SELL,53.880001068115234,23805.131061908112,24770.57777674303,965.4467148349177,4.055624446360562,5,2025
2025-06-16,COIN,SELL,261.57000732421875,21424.6179557173,23248.443910586775,1823.8259548694732,8.512758354147332,4,2025
2025-06-16,NET,SELL,179.27000427246094,17353.940544131012,18213.45963325832,859.5190891273087,4.9528756131298035,4,2025
2025-06-16,MRVL,SELL,70.2652816772461,14056.69184074612,14732.431639295657,675.7397985495372,4.807246300945223,3,2025
2025-06-16,TTD,SELL,70.25,11385.920391004358,11769.583847019305,383.66345601494686,3.3696305861936837,3,2025
2025-06-17,TSLA,BUY,316.3500061035156,20684.028543780576,0.0,0.0,0.0,0,2025
2025-06-17,TTD,BUY,67.63999938964844,18615.625689402517,0.0,0.0,0.0,0,2025
2025-06-18,UPST,SELL,59.08000183105469,15618.546489717912,16906.2609793818,1287.7144896638893,8.244778030475652,6,2025
2025-06-18,RIVN,SELL,13.770000457763672,12651.022656671508,12980.967718567512,329.9450618960036,2.608050517734295,5,2025
2025-06-18,HAL,BUY,21.97337532043457,19742.785990257198,0.0,0.0,0.0,0,2025
2025-06-20,URI,SELL,700.97021484375,10247.328351903921,10403.065044457962,155.73669255404093,1.5197784945097936,7,2025
2025-06-23,TSLA,SELL,348.67999267578125,20684.028543780576,22797.871920353704,2113.843376573128,10.219688935832249,6,2025
2025-06-23,TTD,SELL,68.87000274658203,18615.625689402517,18954.142577279494,338.5168878769764,1.8184556002846852,6,2025
2025-06-23,DVN,BUY,32.39484405517578,22984.015345440595,0.0,0.0,0.0,0,2025
2025-06-23,FANG,BUY,139.18287658691406,20685.61381089654,0.0,0.0,0.0,0,2025
2025-06-23,MRVL,BUY,70.62450408935547,18617.052429806885,0.0,0.0,0.0,0,2025
2025-06-23,OXY,BUY,43.46381378173828,16755.347186826195,0.0,0.0,0.0,0,2025
2025-06-23,SLB,BUY,33.005306243896484,15079.812468143577,0.0,0.0,0.0,0,2025
2025-06-24,MRVL,SELL,75.04476165771484,18617.052429806885,19782.259435002696,1165.2070051958108,6.258815726007483,1,2025
2025-06-25,HAL,SELL,19.98117446899414,19742.785990257198,17952.819975203543,-1789.9660150536547,-9.066430725313934,7,2025
2025-06-25,TSLA,BUY,327.54998779296875,17345.339162349843,0.0,0.0,0.0,0,2025
2025-06-25,UPST,BUY,62.439998626708984,15610.805246114856,0.0,0.0,0.0,0,2025
2025-06-27,COIN,BUY,353.42999267578125,14049.724721503371,0.0,0.0,0.0,0,2025
2025-06-27,LCID,BUY,21.200000762939453,12644.752249353034,0.0,0.0,0.0,0,2025
2025-06-27,MRVL,BUY,76.990478515625,11380.277024417732,0.0,0.0,0.0,0,2025
2025-06-27,PLTR,BUY,130.74000549316406,10242.249321975958,0.0,0.0,0.0,0,2025
2025-06-30,DVN,SELL,31.38836097717285,22984.015345440595,22269.919532219676,-714.0958132209198,-3.10692367059604,7,2025
2025-06-30,FANG,SELL,135.48513793945312,20685.61381089654,20136.04912657103,-549.564684325509,-2.656748256781316,7,2025
2025-06-30,OXY,SELL,41.54527282714844,16755.347186826195,16015.74757534884,-739.5996114773552,-4.414110929667048,7,2025
2025-06-30,SLB,SELL,33.07379913330078,15079.812468143577,15111.106221941396,31.29375379781959,0.20752084194632925,7,2025
2025-06-30,UPST,SELL,64.68000030517578,15610.805246114856,16170.834565823356,560.0293197084993,3.5874467132172905,5,2025
2025-06-30,PLTR,SELL,136.32000732421875,10242.249321975958,10679.389964238917,437.14064226295886,4.268014071137882,3,2025
2025-07-01,AMD,BUY,136.11000061035156,19256.32908839268,0.0,0.0,0.0,0,2025
2025-07-01,CRWD,BUY,492.07000732421875,17330.69617955341,0.0,0.0,0.0,0,2025
2025-07-01,NET,BUY,184.9499969482422,15597.626561598074,0.0,0.0,0.0,0,2025
2025-07-01,PLTR,BUY,130.67999267578125,14037.863905438266,0.0,0.0,0.0,0,2025
2025-07-01,SNOW,BUY,215.97000122070312,12634.07751489444,0.0,0.0,0.0,0,2025
2025-07-01,VST,BUY,184.6435089111328,11370.669763404996,0.0,0.0,0.0,0,2025
2025-07-02,TSLA,SELL,315.6499938964844,17345.339162349843,16715.1775447134,-630.1616176364441,-3.6330313967240624,7,2025
2025-07-02,RIVN,BUY,12.869999885559082,11905.120541535836,0.0,0.0,0.0,0,2025
2025-07-03,LCID,SELL,21.600000381469727,12644.752249353034,12883.332244359117,238.57999500608275,1.8867905855434186,6,2025
2025-07-03,CRWD,SELL,514.0999755859375,17330.69617955341,18106.591237383043,775.8950578296317,4.476998787532982,2,2025
2025-07-07,NET,SELL,192.85000610351562,15597.626561598074,16263.868219723887,666.241658125813,4.271429729995746,6,2025
2025-07-07,PLTR,SELL,139.1199951171875,14037.863905438266,14944.503117823111,906.6392123848455,6.458526870556236,6,2025
2025-07-07,SNOW,SELL,225.7899932861328,12634.07751489444,13208.539432054413,574.4619171599734,4.546924114425721,6,2025
2025-07-07,VST,SELL,193.2222900390625,11370.669763404996,11898.966088325726,528.2963249207296,4.6461319861824,6,2025
2025-07-07,ON,BUY,54.61000061035156,19445.18852134918,0.0,0.0,0.0,0,2025
2025-07-07,TSLA,BUY,293.94000244140625,17500.66966921426,0.0,0.0,0.0,0,2025
2025-07-08,AMD,SELL,137.82000732421875,19256.32908839268,19498.254383212516,241.9252948198373,1.2563417134663801,7,2025
2025-07-08,RIVN,SELL,13.130000114440918,11905.120541535836,12145.628241084329,240.50769954849238,2.020203816579458,6,2025
2025-07-08,ON,SELL,57.619998931884766,19445.18852134918,20516.969956196175,1071.7814348469947,5.511807888466946,1,2025
2025-07-08,DDOG,BUY,145.94000244140625,20966.68796034214,0.0,0.0,0.0,0,2025
2025-07-10,TSLA,SELL,309.8699951171875,17500.66966921426,18449.113356144633,948.4436869303718,5.419470825158168,3,2025
2025-07-10,CRWD,BUY,487.1099853515625,20714.930499922386,0.0,0.0,0.0,0,2025
2025-07-10,NET,BUY,181.9199981689453,18643.437449930145,0.0,0.0,0.0,0,2025
2025-07-10,OKTA,BUY,94.41000366210938,16779.09370493713,0.0,0.0,0.0,0,2025
2025-07-10,SNOW,BUY,214.4199981689453,15101.184334443416,0.0,0.0,0.0,0,2025
2025-07-10,ZS,BUY,296.17999267578125,13591.065900999076,0.0,0.0,0.0,0,2025
2025-07-11,UPST,BUY,75.62000274658203,12231.959310899168,0.0,0.0,0.0,0,2025
2025-07-14,HAL,BUY,21.71695327758789,11008.76337980925,0.0,0.0,0.0,0,2025
2025-07-14,MU,BUY,118.48789978027344,9907.887041828326,0.0,0.0,0.0,0,2025
2025-07-15,DDOG,SELL,140.55999755859375,20966.68796034214,20193.76154047083,-772.9264198713099,-3.68644976895387,7,2025
2025-07-15,NET,SELL,186.97000122070312,18643.437449930145,19160.969425331597,517.5319754014527,2.7759471760042453,5,2025
2025-07-15,DVN,BUY,31.743587493896484,12852.571434225734,0.0,0.0,0.0,0,2025
2025-07-15,OXY,BUY,42.217750549316406,11567.314290803162,0.0,0.0,0.0,0,2025
2025-07-15,SLB,BUY,34.3165168762207,10410.582861722847,0.0,0.0,0.0,0,2025
2025-07-16,VST,BUY,183.67588806152344,9369.52457555056,0.0,0.0,0.0,0,2025
2025-07-17,CRWD,SELL,469.8299865722656,20714.930499922386,19980.078034326692,-734.8524655956935,-3.5474532033715866,7,2025
2025-07-17,OKTA,SELL,92.0999984741211,16779.09370493713,16368.546178142551,-410.54752679458034,-2.4467801063282724,7,2025
2025-07-17,SNOW,SELL,211.5800018310547,15101.184334443416,14901.168904101705,-200.01543034171118,-1.3245016146548716,7,2025
2025-07-17,ZS,SELL,286.2900085449219,13591.065900999076,13137.235698398305,-453.8302026007714,-3.339180354996374,7,2025
2025-07-17,UPST,SELL,77.58000183105469,12231.959310899168,12549.000149035779,317.04083813661055,2.59190559810083,6,2025
2025-07-18,VST,SELL,192.5339813232422,9369.52457555056,9821.386403382816,451.8618278322556,4.822676158098482,2,2025
2025-07-21,HAL,SELL,20.888513565063477,11008.76337980925,10588.810513813516,-419.9528659957341,-3.814714255426299,7,2025
2025-07-21,MU,SELL,113.11344909667969,9907.887041828326,9458.47870238041,-449.40833944791666,-4.535864584957827,7,2025
2025-07-21,LCID,BUY,28.200000762939453,19113.04257635368,0.0,0.0,0.0,0,2025
2025-07-21,URI,BUY,773.1340942382812,17201.73831871831,0.0,0.0,0.0,0,2025
2025-07-22,DVN,SELL,32.37510681152344,12852.571434225734,13108.265506089998,255.6940718642636,1.98943902527835,7,2025
2025-07-22,OXY,SELL,43.07813262939453,11567.314290803162,11803.051860923411,235.73757012024907,2.037962868422083,7,2025
2025-07-22,SLB,SELL,33.61198425292969,10410.582861722847,10196.849187060763,-213.733674662084,-2.0530423464370173,7,2025
2025-07-22,LCID,SELL,31.299999237060547,19113.04257635368,21214.120633783205,2101.078057429524,10.992902093091871,1,2025
2025-07-22,KLAC,BUY,887.6378173828125,21113.793205632217,0.0,0.0,0.0,0,2025
2025-07-22,LRCX,BUY,97.33722686767578,19002.413885068996,0.0,0.0,0.0,0,2025
2025-07-22,MU,BUY,109.10757446289062,17102.172496562096,0.0,0.0,0.0,0,2025
2025-07-22,NET,BUY,190.5500030517578,15391.955246905887,0.0,0.0,0.0,0,2025
2025-07-23,ON,BUY,59.61000061035156,13852.759722215298,0.0,0.0,0.0,0,2025
2025-07-24,URI,SELL,869.7535400390625,17201.73831871831,19351.45909232112,2149.7207736028104,12.497113569409212,3,2025
2025-07-24,COF,BUY,209.1576385498047,14402.62965922588,0.0,0.0,0.0,0,2025
2025-07-24,TSLA,BUY,305.29998779296875,12962.366693303293,0.0,0.0,0.0,0,2025
2025-07-25,NET,SELL,198.4199981689453,15391.955246905887,16027.665615297827,635.7103683919395,4.130146938412715,3,2025
2025-07-28,KLAC,SELL,918.4090576171875,21113.793205632217,21845.733181899843,731.9399762676258,3.4666436728781447,6,2025
2025-07-28,MU,SELL,111.1354751586914,17102.172496562096,17420.037756386737,317.8652598246408,1.8586250366059653,6,2025
2025-07-28,TSLA,SELL,325.5899963378906,12962.366693303293,13823.835876026897,861.4691827236038,6.645925108480855,4,2025
2025-07-28,LCID,BUY,27.899999618530273,18577.857266934094,0.0,0.0,0.0,0,2025
2025-07-28,OKTA,BUY,97.83999633789062,16720.071540240686,0.0,0.0,0.0,0,2025
2025-07-29,LRCX,SELL,98.58271789550781,19002.413885068996,19245.5617203076,243.14783523860388,1.279562884532548,7,2025
2025-07-29,RIVN,BUY,13.0600004196167,16972.620558247374,0.0,0.0,0.0,0,2025
2025-07-29,TTD,BUY,84.52999877929688,15275.358502422638,0.0,0.0,0.0,0,2025
2025-07-30,ON,SELL,58.04999923706055,13852.759722215298,13490.231220801836,-362.52850141346244,-2.6170128456937336,7,2025
2025-07-30,COF,SELL,213.0175323486328,14402.62965922588,14668.422586005488,265.792926779608,1.8454472069921568,6,2025
2025-07-30,SLB,BUY,33.435848236083984,16563.688032861108,0.0,0.0,0.0,0,2025
2025-07-31,AMAT,BUY,178.970947265625,14907.319229574998,0.0,0.0,0.0,0,2025
2025-07-31,DDOG,BUY,139.97999572753906,13416.587306617497,0.0,0.0,0.0,0,2025
2025-07-31,KLAC,BUY,874.515625,12074.928575955748,0.0,0.0,0.0,0,2025
2025-07-31,LRCX,BUY,94.49752044677734,10867.435718360173,0.0,0.0,0.0,0,2025
2025-07-31,MU,BUY,109.02764892578125,9780.692146524156,0.0,0.0,0.0,0,2025
2025-07-31,TSLA,BUY,308.2699890136719,8802.62293187174,0.0,0.0,0.0,0,2025
2025-08-01,COF,BUY,205.33734130859375,7922.360638684566,0.0,0.0,0.0,0,2025
2025-08-01,DE,BUY,497.5155334472656,7130.124574816109,0.0,0.0,0.0,0,2025
2025-08-01,DVN,BUY,31.7139835357666,6417.112117334498,0.0,0.0,0.0,0,2025
2025-08-01,HAL,BUY,21.302732467651367,5775.400905601049,0.0,0.0,0.0,0,2025
2025-08-01,NET,BUY,200.11000061035156,5197.8608150409445,0.0,0.0,0.0,0,2025
2025-08-01,SNOW,BUY,205.02000427246094,4678.07473353685,0.0,0.0,0.0,0,2025
2025-08-01,UPST,BUY,79.22000122070312,4210.267260183165,0.0,0.0,0.0,0,2025
2025-08-04,LCID,SELL,24.100000381469727,18577.857266934094,16047.54026314167,-2530.3170037924247,-13.620069136261604,7,2025
2025-08-04,OKTA,SELL,97.72000122070312,16720.071540240686,16699.565336040454,-20.506204200231878,-0.12264423720244055,7,2025
2025-08-04,TTD,SELL,89.76000213623047,15275.358502422638,16220.468846675964,945.1103442533258,6.187156550881823,6,2025
2025-08-04,KLAC,SELL,910.9176635742188,12074.928575955748,12577.551974826269,502.62339887052076,4.16253724159803,4,2025
2025-08-04,LRCX,SELL,98.05462646484375,10867.435718360173,11276.511224383645,409.07550602347146,3.764232120852129,4,2025
2025-08-04,NET,SELL,208.8000030517578,5197.8608150409445,5423.583782583922,225.72296754297713,4.342612770426779,3,2025
2025-08-04,UPST,SELL,82.83000183105469,4210.267260183165,4402.126224394243,191.85896421107827,4.556930768398093,3,2025
2025-08-04,ON,BUY,47.970001220703125,12053.975299369467,0.0,0.0,0.0,0,2025
2025-08-05,RIVN,SELL,12.149999618530273,16972.620558247374,15789.994386096429,-1182.6261721509454,-6.967846645085585,7,2025
2025-08-05,KLAC,BUY,878.873046875,12427.577208042163,0.0,0.0,0.0,0,2025
2025-08-06,SLB,SELL,32.153995513916016,16563.688032861108,15928.674724864626,-635.0133079964817,-3.8337676170709267,7,2025
2025-08-06,TSLA,SELL,319.9100036621094,8802.62293187174,9135.002545597663,332.37961372592326,3.7759156139981043,6,2025
2025-08-06,COF,SELL,210.69171142578125,7922.360638684566,8128.94386797458,206.58322929001406,2.607596885722119,5,2025
2025-08-06,SNOW,SELL,210.5399932861328,4678.07473353685,4804.027911744484,125.95317820763466,2.692414836913226,5,2025
2025-08-06,AMD,BUY,163.1199951171875,14984.484392256081,0.0,0.0,0.0,0,2025
2025-08-06,LCID,BUY,21.850000381469727,13486.035953030474,0.0,0.0,0.0,0,2025
2025-08-06,RIVN,BUY,11.640000343322754,12137.432357727426,0.0,0.0,0.0,0,2025
2025-08-06,UPST,BUY,67.13999938964844,10923.689121954685,0.0,0.0,0.0,0,2025
2025-08-06,VST,BUY,200.3546600341797,9831.320209759217,0.0,0.0,0.0,0,2025
2025-08-07,AMAT,SELL,182.04225158691406,14907.319229574998,15163.142393435646,255.8231638606485,1.7160910014800912,7,2025
2025-08-07,DDOG,SELL,136.3800048828125,13416.587306617497,13071.54092180899,-345.04638480850736,-2.5717895089336085,7,2025
2025-08-07,MU,SELL,111.75483703613281,9780.692146524156,10025.343733491489,244.65158696733306,2.5013729427551423,7,2025
2025-08-07,DE,SELL,503.1363525390625,7130.124574816109,7210.679125664649,80.5545508485402,1.1297776077161759,6,2025
2025-08-07,AMD,SELL,172.39999389648438,14984.484392256081,15836.961102843463,852.4767105873816,5.689062688255975,1,2025
2025-08-07,CRWD,BUY,425.0,14978.954916507719,0.0,0.0,0.0,0,2025
2025-08-07,OKTA,BUY,93.58000183105469,13481.059424856947,0.0,0.0,0.0,0,2025
2025-08-07,ZS,BUY,272.5,12132.953482371253,0.0,0.0,0.0,0,2025
2025-08-08,DVN,SELL,32.838871002197266,6417.112117334498,6644.725560575678,227.61344324118,3.54697625784548,7,2025
2025-08-08,HAL,SELL,20.61236572265625,5775.400905601049,5588.235022994383,-187.16588260666595,-3.2407426889646818,7,2025
2025-08-08,KLAC,SELL,910.1018676757812,12427.577208042163,12869.163831955344,441.58662391318103,3.5532800683581334,3,2025
2025-08-08,DDOG,BUY,130.91000366210938,13429.870575686668,0.0,0.0,0.0,0,2025
2025-08-08,SNOW,BUY,191.72999572753906,12086.883518118,0.0,0.0,0.0,0,2025
2025-08-08,TTD,BUY,54.22999954223633,10878.1951663062,0.0,0.0,0.0,0,2025
2025-08-11,ON,SELL,47.099998474121094,12053.975299369467,11835.359678130804,-218.61562123866315,-1.813639200422934,7,2025
2025-08-11,RIVN,SELL,11.930000305175781,12137.432357727426,12439.825383235695,302.3930255082687,2.491408533500472,5,2025
2025-08-11,FANG,BUY,134.9329376220703,12217.89415581223,0.0,0.0,0.0,0,2025
2025-08-12,LCID,SELL,22.700000762939453,13486.035953030474,14010.664580236898,524.6286272064244,3.890161861006569,6,2025
2025-08-12,VST,SELL,209.0431671142578,9831.320209759217,10257.661654647176,426.34144488795937,4.33656351122349,6,2025
2025-08-12,CRWD,SELL,435.79998779296875,14978.954916507719,15359.5961641541,380.6412476463811,2.5411735983455808,5,2025
2025-08-13,UPST,SELL,66.83000183105469,10923.689121954685,10873.252467360893,-50.4366545937919,-0.4617181433003492,7,2025
2025-08-13,ZS,SELL,277.7699890136719,12132.953482371253,12367.597634868456,234.64415249720332,1.933940922448385,6,2025
2025-08-13,SNOW,SELL,196.8699951171875,12086.883518118,12410.915100500988,324.03158238298784,2.6808530246632323,5,2025
2025-08-14,OKTA,SELL,88.61000061035156,13481.059424856947,12765.085066159338,-715.9743586976092,-5.310965081701702,7,2025
2025-08-14,FANG,SELL,139.80694580078125,12217.89415581223,12659.22536145785,441.3312056456198,3.6121708047018197,3,2025
2025-08-14,DE,BUY,475.52862548828125,21066.504543169576,0.0,0.0,0.0,0,2025
2025-08-14,LCID,BUY,22.5,18959.85408885262,0.0,0.0,0.0,0,2025
2025-08-14,UPST,BUY,63.83000183105469,17063.868679967356,0.0,0.0,0.0,0,2025
2025-08-15,DDOG,SELL,127.25,13429.870575686668,13054.396019780785,-375.4745559058829,-2.795816637173254,7,2025
2025-08-15,TTD,SELL,52.119998931884766,10878.1951663062,10454.942379395277,-423.2527869109217,-3.890836489327676,7,2025
2025-08-15,AMAT,BUY,160.78163146972656,17708.415651888226,0.0,0.0,0.0,0,2025
2025-08-15,KLAC,BUY,870.4465942382812,15937.574086699402,0.0,0.0,0.0,0,2025
2025-08-15,LRCX,BUY,99.1506576538086,14343.816678029463,0.0,0.0,0.0,0,2025
2025-08-15,MU,BUY,120.74557495117188,12909.435010226516,0.0,0.0,0.0,0,2025
2025-08-19,DE,SELL,486.0552978515625,21066.504543169576,21532.849110623985,466.3445674544091,2.213677957341109,5,2025
2025-08-19,AMD,BUY,166.5500030517578,13771.776420266264,0.0,0.0,0.0,0,2025
2025-08-19,NVDA,BUY,175.6203155517578,12394.598778239637,0.0,0.0,0.0,0,2025
2025-08-19,PLTR,BUY,157.75,11155.138900415674,0.0,0.0,0.0,0,2025
2025-08-19,TTD,BUY,52.529998779296875,10039.625010374104,0.0,0.0,0.0,0,2025
2025-08-21,LCID,SELL,20.899999618530273,18959.85408885262,17611.597476640418,-1348.2566122122007,-7.111112806532116,7,2025
2025-08-21,UPST,SELL,63.52000045776367,17063.868679967356,16980.995069240405,-82.87361072695057,-0.4856671853332051,7,2025
2025-08-22,AMAT,SELL,161.97010803222656,17708.415651888226,17839.31391911498,130.89826722675207,0.7391867787607254,7,2025
2025-08-22,KLAC,SELL,867.69482421875,15937.574086699402,15887.190135695246,-50.38395100415619,-0.31613312496664436,7,2025
2025-08-22,LRCX,SELL,99.71859741210938,14343.816678029463,14425.978753097836,82.16207506837236,0.5728048323025536,7,2025
2025-08-22,MU,SELL,117.5588607788086,12909.435010226516,12568.729526643143,-340.7054835833733,-2.639197480861677,7,2025
2025-08-25,NVDA,SELL,179.78985595703125,12394.598778239637,12688.86872218466,294.26994394502253,2.374178859759879,6,2025
2025-08-26,AMD,SELL,166.6199951171875,13771.776420266264,13777.563961897175,5.7875416309107095,0.04202465574734138,7,2025
2025-08-26,PLTR,SELL,160.8699951171875,11155.138900415674,11375.766341942424,220.62744152675077,1.97780989996037,7,2025
2025-08-26,TTD,SELL,52.220001220703125,10039.625010374104,9980.377736154876,-59.24727421922762,-0.5901343342804788,7,2025
2025-08-29,AMD,BUY,162.6300048828125,23349.30067359781,0.0,0.0,0.0,0,2025
2025-08-29,CAT,BUY,416.8641662597656,21014.370606238026,0.0,0.0,0.0,0,2025
2025-08-29,CRWD,BUY,423.70001220703125,18912.933545614225,0.0,0.0,0.0,0,2025
2025-08-29,DDOG,BUY,136.67999267578125,17021.640191052804,0.0,0.0,0.0,0,2025
2025-08-29,LCID,BUY,19.799999237060547,15319.476171947521,0.0,0.0,0.0,0,2025
2025-08-29,LRCX,BUY,99.78834533691406,13787.52855475277,0.0,0.0,0.0,0,2025
2025-08-29,NVDA,BUY,174.1604766845703,12408.775699277492,0.0,0.0,0.0,0,2025
2025-08-29,TSLA,BUY,333.8699951171875,11167.898129349742,0.0,0.0,0.0,0,2025
2025-08-29,VST,BUY,188.6436004638672,10051.10831641477,0.0,0.0,0.0,0,2025
2025-09-02,OKTA,BUY,89.5,9045.997484773292,0.0,0.0,0.0,0,2025
2025-09-02,UPST,BUY,69.16999816894531,8141.397736295962,0.0,0.0,0.0,0,2025
2025-09-03,DVN,BUY,34.61501693725586,7327.257962666366,0.0,0.0,0.0,0,2025
2025-09-03,FANG,BUY,141.31654357910156,6594.53216639973,0.0,0.0,0.0,0,2025
2025-09-03,HAL,BUY,21.4536075592041,5935.078949759757,0.0,0.0,0.0,0,2025
2025-09-03,OXY,BUY,45.787818908691406,5341.571054783781,0.0,0.0,0.0,0,2025
2025-09-04,TSLA,SELL,338.5299987792969,11167.898129349742,11323.774509204026,155.8763798542841,1.3957539552105436,6,2025
2025-09-04,RIVN,BUY,13.699999809265137,5939.791400225806,0.0,0.0,0.0,0,2025
2025-09-04,SNOW,BUY,221.89999389648438,5345.812260203225,0.0,0.0,0.0,0,2025
2025-09-04,TTD,BUY,51.91999816894531,4811.2310341829025,0.0,0.0,0.0,0,2025
2025-09-05,AMD,SELL,151.13999938964844,23349.30067359781,21699.64449118241,-1649.6561824153978,-7.065120302642491,7,2025
2025-09-05,CAT,SELL,420.8831787109375,21014.370606238026,21216.971414740674,202.60080850264785,0.9641060029773385,7,2025
2025-09-05,CRWD,SELL,417.6300048828125,18912.933545614225,18641.983246258922,-270.9502993553033,-1.432619105343047,7,2025
2025-09-05,DDOG,SELL,136.0800018310547,17021.640191052804,16946.919465093393,-74.72072595941063,-0.438974887970478,7,2025
2025-09-05,LCID,SELL,18.40999984741211,15319.476171947521,14244.018427035906,-1075.457744911615,-7.020199208122757,7,2025
2025-09-05,LRCX,SELL,102.57823181152344,13787.52855475277,14173.00081910713,385.47226435436096,2.7958039239852184,7,2025
2025-09-05,NVDA,SELL,167.0012969970703,12408.775699277492,11898.690652290012,-510.0850469874804,-4.110679887760249,7,2025
2025-09-05,VST,SELL,187.5363311767578,10051.10831641477,9992.111968206777,-58.996348207992924,-0.586963609890101,7,2025
2025-09-05,AMD,BUY,151.13999938964844,17211.441979156134,0.0,0.0,0.0,0,2025
2025-09-08,OKTA,SELL,92.68000030517578,9045.997484773292,9367.40837597104,321.41089119774733,3.55307296667684,6,2025
2025-09-09,UPST,SELL,68.91999816894531,8141.397736295962,8111.972414798878,-29.42532149708404,-0.36142837446573317,7,2025
2025-09-09,AMD,SELL,155.82000732421875,17211.441979156134,17744.389480500136,532.9475013440024,3.0964721142448637,4,2025
2025-09-10,DVN,SELL,35.0491828918457,7327.257962666366,7419.161599566313,91.90363689994683,1.2542705247749142,7,2025
2025-09-10,FANG,SELL,138.68467712402344,6594.53216639973,6471.716199096042,-122.81596730368801,-1.8623909051419307,7,2025
2025-09-10,HAL,SELL,22.45722770690918,5935.078949759757,6212.727582781557,277.6486330218004,4.678095024044104,7,2025
2025-09-10,OXY,SELL,46.04250717163086,5341.571054783781,5371.28278785461,29.711733070829723,0.5562358483319318,7,2025
2025-09-10,RIVN,SELL,13.90999984741211,5939.791400225806,6030.839315408177,91.04791518237107,1.5328470151142026,6,2025
2025-09-10,SNOW,SELL,225.85000610351562,5345.812260203225,5440.972351528648,95.1600913254224,1.7800866677238014,6,2025
2025-09-10,OKTA,BUY,90.20999908447266,22707.34479199106,0.0,0.0,0.0,0,2025
2025-09-10,UPST,BUY,62.41999816894531,20436.610312791956,0.0,0.0,0.0,0,2025
2025-09-11,TTD,SELL,45.2400016784668,4811.2310341829025,4192.220873230195,-619.0101609527073,-12.865941305972528,7,2025
2025-09-12,LCID,BUY,19.274999618530273,18812.17136883578,0.0,0.0,0.0,0,2025
2025-09-12,RIVN,BUY,13.460000038146973,16930.9542319522,0.0,0.0,0.0,0,2025
2025-09-15,UPST,SELL,66.9800033569336,20436.610312791956,21929.57814016991,1492.9678273779537,7.305359374805209,5,2025
2025-09-16,RIVN,SELL,14.319999694824219,16930.9542319522,18012.723532504267,1081.7693005520669,6.389299065675491,4,2025
2025-09-16,SNOW,BUY,215.9499969482422,19232.0889760244,0.0,0.0,0.0,0,2025
2025-09-17,OKTA,SELL,90.0,22707.34479199106,22654.48455847462,-52.86023351643962,-0.23278914377996562,7,2025
2025-09-17,LCID,SELL,20.360000610351562,18812.17136883578,19871.119488029326,1058.9481191935447,5.629058434731227,5,2025
2025-09-18,TTD,BUY,43.93000030517578,21561.440483072354,0.0,0.0,0.0,0,2025
2025-09-19,SNOW,SELL,230.47999572753906,19232.0889760244,20526.102559233383,1294.0135832089836,6.72840888383035,3,2025
2025-09-19,MU,BUY,162.56248474121094,21457.906690688455,0.0,0.0,0.0,0,2025
2025-09-22,TTD,SELL,46.150001525878906,21561.440483072354,22651.047217878113,1089.6067348057586,5.0534969389507856,4,2025
2025-09-22,UPST,BUY,64.9000015258789,21577.220743407423,0.0,0.0,0.0,0,2025
2025-09-23,VST,BUY,203.95562744140625,19419.498669066677,0.0,0.0,0.0,0,2025
2025-09-25,TSLA,BUY,423.3900146484375,17477.54880216001,0.0,0.0,0.0,0,2025
2025-09-26,MU,SELL,157.10809326171875,21457.906690688455,20737.938466729836,-719.9682239586182,-3.3552584338109925,7,2025
2025-09-29,UPST,SELL,52.7400016784668,21577.220743407423,17534.401101210835,-4042.8196421965877,-18.736517043937674,7,2025
2025-09-29,TSLA,SELL,443.2099914550781,17477.54880216001,18295.71786593299,818.1690637729807,4.681257498030078,4,2025
2025-09-29,DVN,BUY,35.29279327392578,21386.599665331374,0.0,0.0,0.0,0,2025
2025-09-29,FANG,BUY,142.59771728515625,19247.939698798236,0.0,0.0,0.0,0,2025
2025-09-29,UPST,BUY,52.7400016784668,17323.145728918415,0.0,0.0,0.0,0,2025
2025-09-30,VST,SELL,195.64720153808594,19419.498669066677,18628.417453041293,-791.0812160253845,-4.073643864377907,7,2025
2025-09-30,COF,BUY,210.9673614501953,17453.6729013307,0.0,0.0,0.0,0,2025
2025-09-30,RIVN,BUY,14.680000305175781,15708.305611197633,0.0,0.0,0.0,0,2025
2025-10-02,OXY,BUY,43.974517822265625,14137.47505007787,0.0,0.0,0.0,0,2025
2025-10-02,TSLA,BUY,436.0,12723.727545070084,0.0,0.0,0.0,0,2025
2025-10-03,KLAC,BUY,1098.27783203125,11451.354790563075,0.0,0.0,0.0,0,2025
2025-10-03,NET,BUY,216.6699981689453,10306.219311506768,0.0,0.0,0.0,0,2025
2025-10-03,PLTR,BUY,173.07000732421875,9275.59738035609,0.0,0.0,0.0,0,2025
2025-10-06,DVN,SELL,34.68669509887695,21386.599665331374,21019.3184777232,-367.28118760817233,-1.7173426040398176,7,2025
2025-10-06,FANG,SELL,148.0799560546875,19247.939698798236,19987.936125524597,739.9964267263604,3.844548758496802,7,2025
2025-10-06,UPST,SELL,52.61000061035156,17323.145728918415,17280.445171917963,-42.70055700045123,-0.2464942434165951,7,2025
2025-10-06,TSLA,SELL,453.25,12723.727545070084,13227.131903217925,503.4043581478418,3.9564220183486265,4,2025
2025-10-06,KLAC,SELL,1136.3243408203125,11451.354790563075,11848.052290939677,396.69750037660197,3.4641970983513293,3,2025
2025-10-06,PLTR,SELL,179.52999877929688,9275.59738035609,9621.817275670443,346.21989531435247,3.7325886529699925,3,2025
2025-10-06,LCID,BUY,24.020000457763672,17646.50776681986,0.0,0.0,0.0,0,2025
2025-10-07,COF,SELL,212.06893920898438,17453.6729013307,17544.80822077121,91.13531944050919,0.5221555368644548,7,2025
2025-10-07,RIVN,SELL,13.260000228881836,15708.305611197633,14188.837307202788,-1519.468303994845,-9.673024841786216,7,2025
2025-10-07,OXY,SELL,45.06816864013672,14137.47505007787,14489.075520460314,351.60047038244375,2.4870103688034995,5,2025
2025-10-07,AMAT,BUY,210.8831024169922,20504.12909498131,0.0,0.0,0.0,0,2025
2025-10-07,KLAC,BUY,1081.517822265625,18453.716185483176,0.0,0.0,0.0,0,2025
2025-10-07,LRCX,BUY,140.11932373046875,16608.34456693486,0.0,0.0,0.0,0,2025
2025-10-07,OKTA,BUY,90.88999938964844,14947.510110241374,0.0,0.0,0.0,0,2025
2025-10-07,ON,BUY,48.16999816894531,13452.759099217237,0.0,0.0,0.0,0,2025
2025-10-07,SNOW,BUY,234.80999755859375,12107.483189295514,0.0,0.0,0.0,0,2025
2025-10-07,TSLA,BUY,433.0899963378906,10896.734870365963,0.0,0.0,0.0,0,2025
2025-10-07,ZS,BUY,292.75,9807.061383329366,0.0,0.0,0.0,0,2025
2025-10-08,ON,SELL,50.880001068115234,13452.759099217237,14209.599820548565,756.8407213313276,5.625914474119775,1,2025
2025-10-08,SNOW,SELL,250.2100067138672,12107.483189295514,12901.552240448,794.0690511524863,6.55849806881863,1,2025
2025-10-08,ZS,SELL,313.8900146484375,9807.061383329366,10515.24728017551,708.1858968461438,7.2211834836678035,1,2025
2025-10-09,NET,SELL,220.9499969482422,10306.219311506768,10509.803593803297,203.58428229652964,1.9753536786203396,6,2025
2025-10-09,AMAT,SELL,219.5951385498047,20504.12909498131,21351.198924189852,847.0698292085435,4.13121584089069,2,2025
2025-10-09,FANG,BUY,143.22341918945312,15775.095430912952,0.0,0.0,0.0,0,2025
2025-10-10,AMAT,BUY,209.27825927734375,14197.585887821657,0.0,0.0,0.0,0,2025
2025-10-10,AMD,BUY,214.89999389648438,12777.82729903949,0.0,0.0,0.0,0,2025
2025-10-10,COF,BUY,200.9539031982422,11500.044569135542,0.0,0.0,0.0,0,2025
2025-10-10,CRWD,BUY,493.6600036621094,10350.040112221988,0.0,0.0,0.0,0,2025
2025-10-10,DDOG,BUY,158.74000549316406,9315.036100999789,0.0,0.0,0.0,0,2025
2025-10-10,DVN,BUY,32.292110443115234,8383.53249089981,0.0,0.0,0.0,0,2025
2025-10-10,HAL,BUY,21.831207275390625,7545.179241809828,0.0,0.0,0.0,0,2025
2025-10-10,MU,BUY,181.52667236328125,6790.661317628845,0.0,0.0,0.0,0,2025
2025-10-10,NET,BUY,213.82000732421875,6111.595185865961,0.0,0.0,0.0,0,2025
2025-10-10,NVDA,BUY,183.14981079101562,5500.435667279365,0.0,0.0,0.0,0,2025
2025-10-10,ON,BUY,45.7400016784668,4950.392100551428,0.0,0.0,0.0,0,2025
2025-10-10,OXY,BUY,41.90653610229492,4455.352890496285,0.0,0.0,0.0,0,2025
2025-10-10,PLTR,BUY,175.44000244140625,4009.817601446656,0.0,0.0,0.0,0,2025
2025-10-10,SLB,BUY,31.286869049072266,3608.8358413019905,0.0,0.0,0.0,0,2025
2025-10-10,SNOW,BUY,242.1699981689453,3247.9522571717916,0.0,0.0,0.0,0,2025
2025-10-10,TTD,BUY,52.36000061035156,2923.1570314546125,0.0,0.0,0.0,0,2025
2025-10-10,UPST,BUY,48.58000183105469,2630.8413283091513,0.0,0.0,0.0,0,2025
2025-10-10,URI,BUY,945.9104614257812,2367.757195478236,0.0,0.0,0.0,0,2025
2025-10-10,VST,BUY,196.58590698242188,2130.9814759304127,0.0,0.0,0.0,0,2025
2025-10-13,LCID,SELL,21.389999389648438,17646.50776681986,15714.354003673723,-1932.1537631461379,-10.949213230614962,7,2025
2025-10-13,AMAT,SELL,218.7777557373047,14197.585887821657,14842.03848097238,644.4525931507233,4.539170238114343,3,2025
2025-10-13,CRWD,SELL,508.6099853515625,10350.040112221988,10663.48035249864,313.4402402766518,3.0283963818316106,3,2025
2025-10-13,DDOG,SELL,164.1999969482422,9315.036100999789,9635.434335567024,320.3982345672357,3.439581243628753,3,2025
2025-10-13,MU,SELL,192.69215393066406,6790.661317628845,7208.346513887977,417.6851962591327,6.150876574786679,3,2025
2025-10-13,NET,SELL,222.55999755859375,6111.595185865961,6361.409424062705,249.81423819674364,4.087545568699946,3,2025
2025-10-13,ON,SELL,50.11000061035156,4950.392100551428,5423.352472173033,472.9603716216052,9.553998188727753,3,2025
2025-10-13,VST,SELL,209.25823974609375,2130.9814759304127,2268.3489342122793,137.36745828186667,6.446206118328202,3,2025
2025-10-14,KLAC,SELL,1022.6630249023438,18453.716185483176,17449.488881654826,-1004.2273038283492,-5.441870318881003,7,2025
2025-10-14,LRCX,SELL,138.08267211914062,16608.34456693486,16366.940235089762,-241.40433184509675,-1.453512304445459,7,2025
2025-10-14,OKTA,SELL,89.08000183105469,14947.510110241374,14649.843073292603,-297.66703694877106,-1.9914155250834953,7,2025
2025-10-14,TSLA,SELL,429.239990234375,10896.734870365963,10799.867022772989,-96.8678475929737,-0.888962140910754,7,2025
2025-10-14,COF,SELL,212.5750732421875,11500.044569135542,12165.092479745335,665.0479106097937,5.783002897177347,4,2025
2025-10-14,UPST,SELL,50.38999938964844,2630.8413283091513,2728.8614230355192,98.02009472636792,3.7258079258381427,4,2025
2025-10-14,URI,SELL,996.1615600585938,2367.757195478236,2493.5433086682574,125.7861131900213,5.3124582803607545,4,2025
2025-10-14,CRWD,BUY,488.94000244140625,16794.923422468077,0.0,0.0,0.0,0,2025
2025-10-14,ZS,BUY,301.79998779296875,15115.43108022127,0.0,0.0,0.0,0,2025
2025-10-15,AMD,SELL,238.60000610351562,12777.82729903949,14187.016091815567,1409.1887927760763,11.028391289041807,5,2025
2025-10-15,PLTR,SELL,179.6199951171875,4009.817601446656,4105.354582591328,95.5369811446717,2.3825767314254787,5,2025
2025-10-15,SLB,SELL,32.12526321411133,3608.8358413019905,3705.541807858946,96.70596655695545,2.6796997926640476,5,2025
2025-10-16,FANG,SELL,138.4860382080078,15775.095430912952,15253.304808277158,-521.7906226357936,-3.307685997342935,7,2025
2025-10-16,COF,BUY,201.60888671875,17329.009701253446,0.0,0.0,0.0,0,2025
2025-10-16,DDOG,BUY,151.1699981689453,15596.1087311281,0.0,0.0,0.0,0,2025
2025-10-16,LCID,BUY,20.530000686645508,14036.497858015291,0.0,0.0,0.0,0,2025
2025-10-16,RIVN,BUY,12.90999984741211,12632.848072213761,0.0,0.0,0.0,0,2025
2025-10-16,UPST,BUY,47.78499984741211,11369.563264992386,0.0,0.0,0.0,0,2025
2025-10-17,DVN,SELL,31.536972045898438,8383.53249089981,8187.486856182159,-196.0456347176514,-2.338460964163447,7,2025
2025-10-17,HAL,SELL,22.12931251525879,7545.179241809828,7648.208700481292,103.02945867146354,1.3655004787765712,7,2025
2025-10-17,NVDA,SELL,183.20980834960938,5500.435667279365,5502.237540346082,1.801873066717235,0.03275873359334103,7,2025
2025-10-17,OXY,SELL,40.66375732421875,4455.352890496285,4323.225100033405,-132.1277904628796,-2.9655965242331606,7,2025
2025-10-17,SNOW,SELL,240.74000549316406,3247.9522571717916,3228.773382934023,-19.17887423776847,-0.5904912609297042,7,2025
2025-10-17,TTD,SELL,49.97999954223633,2923.1570314546125,2790.28619921564,-132.87083223897253,-4.5454565324139935,7,2025
2025-10-17,VST,BUY,201.0696563720703,13400.628716412408,0.0,0.0,0.0,0,2025
2025-10-20,CRWD,SELL,503.6099853515625,16794.923422468077,17298.83236498606,503.90894251798454,3.000364633064412,6,2025
2025-10-20,ZS,SELL,305.8999938964844,15115.43108022127,15320.776879402316,205.34579918104646,1.35851765054682,6,2025
2025-10-20,COF,SELL,213.23997497558594,17329.009701253446,18328.743614372168,999.7339131187218,5.769134707371126,4,2025
2025-10-20,DDOG,SELL,156.2949981689453,15596.1087311281,16124.851591584467,528.7428604563665,3.3902229688938634,4,2025
2025-10-20,UPST,SELL,50.220001220703125,11369.563264992386,11948.927129225502,579.3638642331152,5.095744231592558,4,2025
2025-10-21,RIVN,SELL,13.199999809265137,12632.848072213761,12916.622317166324,283.7742449525631,2.2463204127082914,5,2025
2025-10-22,AMD,BUY,230.22999572753906,21254.441234444854,0.0,0.0,0.0,0,2025
2025-10-22,ON,BUY,51.93000030517578,19128.997111000368,0.0,0.0,0.0,0,2025
2025-10-22,PLTR,BUY,175.49000549316406,17216.09739990033,0.0,0.0,0.0,0,2025
2025-10-22,UPST,BUY,50.380001068115234,15494.487659910299,0.0,0.0,0.0,0,2025
2025-10-23,LCID,SELL,18.649999618530273,14036.497858015291,12751.12863818709,-1285.3692198282006,-9.157335631937658,7,2025
2025-10-23,URI,BUY,910.3353881835938,15220.15175773798,0.0,0.0,0.0,0,2025
2025-10-24,VST,SELL,201.18948364257812,13400.628716412408,13408.614808352631,7.9860919402235595,0.05959490490503594,7,2025
2025-10-24,AMD,SELL,252.9199981689453,21254.441234444854,23349.143629657527,2094.702395212673,9.85536327258516,2,2025
2025-10-24,PLTR,SELL,184.6300048828125,17216.09739990033,18112.758832470325,896.6614325699957,5.208273464897961,2,2025
2025-10-24,UPST,SELL,52.689998626708984,15494.487659910299,16204.932834726027,710.445174815728,4.585147895234387,2,2025
2025-10-24,TSLA,BUY,433.7200012207031,20805.681592484834,0.0,0.0,0.0,0,2025
2025-10-24,TTD,BUY,52.0,18725.11343323635,0.0,0.0,0.0,0,2025
2025-10-27,TSLA,SELL,452.4200134277344,20805.681592484834,21702.726918178938,897.0453256941037,4.311540199760255,3,2025
2025-10-27,TTD,SELL,53.61000061035156,18725.11343323635,19304.871972782752,579.7585395464012,3.0961550199068544,3,2025
2025-10-28,OXY,BUY,40.59416198730469,20953.361979008885,0.0,0.0,0.0,0,2025
2025-10-28,TTD,BUY,51.66999816894531,18858.025781107994,0.0,0.0,0.0,0,2025
2025-10-28,UPST,BUY,50.70000076293945,16972.223202997196,0.0,0.0,0.0,0,2025
2025-10-28,VST,BUY,190.3246307373047,15275.000882697475,0.0,0.0,0.0,0,2025
2025-10-29,ON,SELL,51.400001525878906,19128.997111000368,18933.766125858372,-195.23098514199592,-1.020602303451268,7,2025
2025-10-30,URI,SELL,855.185546875,15220.15175773798,14298.086148702601,-922.0656090353787,-6.058189324995378,7,2025
2025-10-30,AMD,BUY,254.83999633789062,17070.686021883826,0.0,0.0,0.0,0,2025
2025-10-30,RIVN,BUY,12.989999771118164,15363.617419695445,0.0,0.0,0.0,0,2025
2025-10-30,TSLA,BUY,440.1000061035156,13827.2556777259,0.0,0.0,0.0,0,2025
2025-11-03,VST,SELL,192.77120971679688,15275.000882697475,15471.357475780345,196.35659308286995,1.2854768035089892,6,2025
2025-11-03,TSLA,SELL,468.3699951171875,13827.2556777259,14715.454634048116,888.198956322216,6.423537519111622,4,2025
2025-11-03,LCID,BUY,16.639999389648438,15463.211320936154,0.0,0.0,0.0,0,2025
2025-11-04,OXY,SELL,39.84849166870117,20953.361979008885,20568.471656415488,-384.8903225933973,-1.8368905332661223,7,2025
2025-11-04,TTD,SELL,47.2400016784668,18858.025781107994,17241.20768573071,-1616.8180953772826,-8.573633921940083,7,2025
2025-11-04,UPST,SELL,46.2400016784668,16972.223202997196,15479.20350264711,-1493.019700350087,-8.796842243309811,7,2025
2025-11-04,AMAT,BUY,229.45350646972656,19245.77847332187,0.0,0.0,0.0,0,2025
2025-11-04,CAT,BUY,546.3018188476562,17321.200625989684,0.0,0.0,0.0,0,2025
2025-11-04,CRWD,BUY,533.9199829101562,15589.080563390715,0.0,0.0,0.0,0,2025
2025-11-04,LRCX,BUY,155.52395629882812,14030.172507051644,0.0,0.0,0.0,0,2025
2025-11-04,MU,BUY,217.94195556640625,12627.15525634648,0.0,0.0,0.0,0,2025
2025-11-04,NET,BUY,232.91000366210938,11364.439730711832,0.0,0.0,0.0,0,2025
2025-11-04,NVDA,BUY,198.67893981933594,10227.995757640649,0.0,0.0,0.0,0,2025
2025-11-04,OKTA,BUY,86.97000122070312,9205.196181876583,0.0,0.0,0.0,0,2025
2025-11-04,ON,BUY,48.279998779296875,8284.676563688925,0.0,0.0,0.0,0,2025
2025-11-04,PLTR,BUY,190.74000549316406,7456.208907320033,0.0,0.0,0.0,0,2025
2025-11-04,SNOW,BUY,265.4200134277344,6710.58801658803,0.0,0.0,0.0,0,2025
2025-11-04,TSLA,BUY,444.260009765625,6039.529214929227,0.0,0.0,0.0,0,2025
2025-11-04,TTD,BUY,47.2400016784668,5435.576293436305,0.0,0.0,0.0,0,2025
2025-11-04,VST,BUY,185.48138427734375,4892.018664092674,0.0,0.0,0.0,0,2025
2025-11-05,RIVN,SELL,15.420000076293945,15363.617419695445,18237.643260825254,2874.025841129809,18.706700138506704,6,2025
2025-11-05,LRCX,SELL,164.7787322998047,14030.172507051644,14865.067058977347,834.8945519257031,5.950707673095823,1,2025
2025-11-05,MU,SELL,237.4040985107422,12627.15525634648,13754.755951406125,1127.6006950596457,8.929966189280103,1,2025
2025-11-05,UPST,BUY,41.75,9088.56342480428,0.0,0.0,0.0,0,2025
2025-11-06,AMD,SELL,237.6999969482422,17070.686021883826,15922.547769644867,-1148.1382522389595,-6.725788587330939,7,2025
2025-11-06,LCID,SELL,17.959999084472656,15463.211320936154,16689.860057313865,1226.6487363777105,7.932690764672601,3,2025
2025-11-06,CAT,SELL,568.4500122070312,17321.200625989684,18023.43753504879,702.2369090591055,4.05420457982244,2,2025
2025-11-06,AMD,BUY,237.6999969482422,13243.291618524607,0.0,0.0,0.0,0,2025
2025-11-07,LCID,BUY,17.280000686645508,11918.962456672145,0.0,0.0,0.0,0,2025
2025-11-10,AMAT,SELL,234.32786560058594,19245.77847332187,19654.623112374313,408.8446390524441,2.1243341214759237,6,2025
2025-11-10,CRWD,SELL,557.530029296875,15589.080563390715,16278.432764111558,689.352200720843,4.422019617627182,6,2025
2025-11-10,NET,SELL,240.52999877929688,11364.439730711832,11736.244178335408,371.80444762357547,3.271647845681236,6,2025
2025-11-10,PLTR,SELL,193.61000061035156,7456.208907320033,7568.399756331545,112.190849011512,1.504663434273823,6,2025
2025-11-10,SNOW,SELL,268.510009765625,6710.58801658803,6788.712089179848,78.12407259181782,1.1641911617685574,6,2025
2025-11-10,VST,SELL,188.01783752441406,4892.018664092674,4958.916895813399,66.89823172072465,1.3674974752601932,6,2025
2025-11-11,NVDA,SELL,193.1492462158203,10227.995757640649,9943.3270213909,-284.6687362497487,-2.7832308791983285,7,2025
2025-11-11,OKTA,SELL,85.58000183105469,9205.196181876583,9058.073991525773,-147.12219035081034,-1.5982515466695713,7,2025
2025-11-11,ON,SELL,48.43000030517578,8284.676563688925,8310.41629354367,25.739729854745747,0.31069082367753964,7,2025
2025-11-11,TSLA,SELL,439.6199951171875,6039.529214929227,5976.450154444531,-63.07906048469613,-1.0444367141857702,7,2025
2025-11-11,TTD,SELL,44.20000076293945,5435.576293436305,5085.784669360279,-349.791624076026,-6.435226095500024,7,2025
2025-11-11,LRCX,BUY,158.91836547851562,21263.004303646056,0.0,0.0,0.0,0,2025
2025-11-11,MU,BUY,241.01263427734375,19136.70387328145,0.0,0.0,0.0,0,2025
2025-11-11,VST,BUY,178.91055297851562,17223.033485953303,0.0,0.0,0.0,0,2025
2025-11-12,UPST,SELL,39.619998931884766,9088.56342480428,8624.883190014672,-463.6802347896082,-5.101798965545468,7,2025
2025-11-12,AMD,SELL,258.8900146484375,13243.291618524607,14423.878860460876,1180.5872419362695,8.914605793961927,6,2025
2025-11-12,DDOG,BUY,190.88999938964844,17805.60634240553,0.0,0.0,0.0,0,2025
2025-11-12,HAL,BUY,26.759872436523438,16025.045708164975,0.0,0.0,0.0,0,2025
2025-11-12,NET,BUY,225.67999267578125,14422.541137348477,0.0,0.0,0.0,0,2025
2025-11-12,PLTR,BUY,184.1699981689453,12980.28702361363,0.0,0.0,0.0,0,2025
2025-11-12,SLB,BUY,35.57746887207031,11682.258321252266,0.0,0.0,0.0,0,2025
2025-11-12,ZS,BUY,317.0799865722656,10514.032489127037,0.0,0.0,0.0,0,2025
2025-11-13,AMAT,BUY,222.51576232910156,9462.629240214334,0.0,0.0,0.0,0,2025
2025-11-13,AMD,BUY,247.9600067138672,8516.3663161929,0.0,0.0,0.0,0,2025
2025-11-13,CAT,BUY,552.2578735351562,7664.72968457361,0.0,0.0,0.0,0,2025
2025-11-13,GS,BUY,801.5264282226562,6898.256716116249,0.0,0.0,0.0,0,2025
2025-11-13,KLAC,BUY,1158.26904296875,6208.431044504624,0.0,0.0,0.0,0,2025
2025-11-13,NVDA,BUY,186.84959411621094,5587.587940054162,0.0,0.0,0.0,0,2025
2025-11-13,RIVN,BUY,16.389999389648438,5028.829146048745,0.0,0.0,0.0,0,2025
2025-11-13,SNOW,BUY,256.9200134277344,4525.946231443871,0.0,0.0,0.0,0,2025
2025-11-13,TSLA,BUY,401.989990234375,4073.351608299484,0.0,0.0,0.0,0,2025
2025-11-13,UPST,BUY,37.290000915527344,3666.0164474695357,0.0,0.0,0.0,0,2025
2025-11-14,LCID,SELL,14.199999809265137,11918.962456672145,9794.517238774393,-2124.4452178977517,-17.824078443241532,7,2025
2025-11-14,LCID,BUY,14.199999809265137,4278.866526600022,0.0,0.0,0.0,0,2025
2025-11-17,COF,BUY,200.24380493164062,3850.9798739400194,0.0,0.0,0.0,0,2025
2025-11-17,OKTA,BUY,81.06999969482422,3465.881886546017,0.0,0.0,0.0,0,2025
2025-11-17,TTD,BUY,40.209999084472656,3119.2936978914154,0.0,0.0,0.0,0,2025
2025-11-17,URI,BUY,804.7972412109375,2807.364328102274,0.0,0.0,0.0,0,2025
2025-11-18,LRCX,SELL,143.00457763671875,21263.004303646056,19133.766827860523,-2129.2374757855323,-10.013812937151235,7,2025
2025-11-18,MU,SELL,228.40773010253906,19136.70387328145,18135.858754652738,-1000.845118628713,-5.229976516625134,7,2025
2025-11-18,VST,SELL,174.17713928222656,17223.033485953303,16767.36588425601,-455.6676016972924,-2.6456872540422283,7,2025
2025-11-18,CRWD,BUY,513.6699829101562,7930.327041968974,0.0,0.0,0.0,0,2025
2025-11-18,MU,BUY,228.40773010253906,7137.294337772077,0.0,0.0,0.0,0,2025
2025-11-19,DDOG,SELL,176.30999755859375,17805.60634240553,16445.630576753192,-1359.9757656523361,-7.637907631448881,7,2025
2025-11-19,HAL,SELL,26.2928409576416,16025.045708164975,15745.365720377797,-279.6799877871781,-1.7452679566753226,7,2025
2025-11-19,NET,SELL,196.1999969482422,14422.541137348477,12538.561764307151,-1883.9793730413257,-13.062742238693225,7,2025
2025-11-19,PLTR,SELL,165.4199981689453,12980.28702361363,11658.788494469407,-1321.4985291442226,-10.18081130825662,7,2025
2025-11-19,SLB,SELL,35.370338439941406,11682.258321252266,11614.24473594007,-68.01358531219557,-0.5821955262576672,7,2025
2025-11-19,ZS,SELL,291.80999755859375,10514.032489127037,9676.106739344415,-837.925749782622,-7.969594450551232,7,2025
2025-11-19,AMAT,SELL,234.37770080566406,9462.629240214334,9967.065980780751,504.43674056641794,5.3308306577484865,6,2025
2025-11-20,AMD,SELL,206.02000427246094,8516.3663161929,7075.906506457522,-1440.4598097353783,-16.91401891668878,7,2025
2025-11-20,CAT,SELL,544.855224609375,7664.72968457361,7561.989088766965,-102.7405958066447,-1.340433388191431,7,2025
2025-11-20,GS,SELL,769.88330078125,6898.256716116249,6625.923317359038,-272.3333987572105,-3.947858277308869,7,2025
2025-11-20,KLAC,SELL,1101.019287109375,6208.431044504624,5901.566966831744,-306.86407767287983,-4.942699298311437,7,2025
2025-11-20,NVDA,SELL,180.62994384765625,5587.587940054162,5401.5942642513855,-185.99367580277612,-3.3286934863162587,7,2025
2025-11-20,RIVN,SELL,14.65999984741211,5028.829146048745,4498.025458152108,-530.8036878966377,-10.555214195608563,7,2025
2025-11-20,SNOW,SELL,244.66000366210938,4525.946231443871,4309.9718343702725,-215.97439707359808,-4.771916987725621,7,2025
2025-11-20,TSLA,SELL,395.2300109863281,4073.351608299484,4004.852956564279,-68.49865173520493,-1.6816287500356797,7,2025
2025-11-20,UPST,SELL,35.58000183105469,3666.0164474695357,3497.9047656533985,-168.1116818161372,-4.585677239178132,7,2025
2025-11-20,AMAT,BUY,219.95567321777344,20075.91482103282,0.0,0.0,0.0,0,2025
2025-11-20,AMD,BUY,206.02000427246094,18068.32333892954,0.0,0.0,0.0,0,2025
2025-11-20,DDOG,BUY,159.57000732421875,16261.491005036585,0.0,0.0,0.0,0,2025
2025-11-20,HAL,BUY,25.458148956298828,14635.341904532928,0.0,0.0,0.0,0,2025
2025-11-20,KLAC,BUY,1101.019287109375,13171.807714079636,0.0,0.0,0.0,0,2025
2025-11-20,LRCX,BUY,139.36056518554688,11854.626942671672,0.0,0.0,0.0,0,2025
2025-11-20,NVDA,BUY,180.62994384765625,10669.164248404504,0.0,0.0,0.0,0,2025
2025-11-20,PLTR,BUY,155.7449951171875,9602.247823564054,0.0,0.0,0.0,0,2025
2025-11-20,SNOW,BUY,244.66000366210938,8642.023041207647,0.0,0.0,0.0,0,2025
2025-11-20,UPST,BUY,35.58000183105469,7777.820737086883,0.0,0.0,0.0,0,2025
2025-11-20,ZS,BUY,279.7300109863281,7000.038663378195,0.0,0.0,0.0,0,2025
2025-11-21,LCID,SELL,12.300000190734863,4278.866526600022,3706.342239453378,-572.5242871466435,-13.380279183458665,7,2025
2025-11-21,COF,SELL,207.07765197753906,3850.9798739400194,3982.404701011815,131.4248270717958,3.4127632803578445,4,2025
2025-11-24,OKTA,SELL,79.1500015258789,3465.881886546017,3383.7986633932,-82.08322315281703,-2.36832142120742,7,2025
2025-11-24,TTD,SELL,39.060001373291016,3119.2936978914154,3030.0825391061953,-89.21115878522005,-2.8599794512945365,7,2025
2025-11-24,URI,SELL,809.1773681640625,2807.364328102274,2822.643471134947,15.279143032672891,0.5442522325914689,7,2025
2025-11-24,AMAT,SELL,230.62237548828125,20075.91482103282,21049.491919869517,973.5770988366967,4.849478130962748,4,2025
2025-11-24,AMD,SELL,215.0500030517578,18068.32333892954,18860.27040383058,791.94706490104,4.3830689214794605,4,2025
2025-11-24,KLAC,SELL,1135.2548828125,13171.807714079636,13581.377908587714,409.5701945080782,3.1094455931836906,4,2025
2025-11-24,LRCX,SELL,150.13284301757812,11854.626942671672,12770.964608578228,916.3376659065561,7.729789139193621,4,2025
2025-11-24,PLTR,SELL,162.25,9602.247823564054,10003.305134787834,401.05731122377983,4.1767023575415285,4,2025
2025-11-24,UPST,SELL,39.02000045776367,7777.820737086883,8529.807563321805,751.9868262349219,9.66834865001751,4,2025
2025-11-25,CRWD,SELL,512.3400268554688,7930.327041968974,7909.794429949549,-20.53261201942496,-0.25891255065222385,7,2025
2025-11-25,MU,SELL,224.4393310546875,7137.294337772077,7013.28963774929,-124.00470002278689,-1.7374188894876852,7,2025
2025-11-25,SNOW,SELL,250.32000732421875,8642.023041207647,8841.948984676617,199.92594346897022,2.3134159966441414,5,2025
2025-11-25,ZS,SELL,289.7300109863281,7000.038663378195,7250.281339832398,250.2426764542024,3.5748756326645204,5,2025
2025-11-25,AMD,BUY,206.1300048828125,19573.61515156868,0.0,0.0,0.0,0,2025
2025-11-26,DE,BUY,468.250244140625,17616.25363641181,0.0,0.0,0.0,0,2025
2025-11-26,ZS,BUY,251.97000122070312,15854.628272770631,0.0,0.0,0.0,0,2025
2025-11-28,AMD,SELL,217.52999877929688,19573.61515156868,20656.131466390845,1082.5163148221654,5.530487375171522,3,2025
2025-12-01,LCID,BUY,12.579999923706055,16334.778592132652,0.0,0.0,0.0,0,2025
2025-12-02,UPST,BUY,42.70000076293945,14701.300732919388,0.0,0.0,0.0,0,2025
2025-12-03,DE,SELL,480.1590576171875,17616.25363641181,18064.28047961585,448.0268432040393,2.543258359302869,7,2025
2025-12-03,ZS,SELL,243.66000366210938,15854.628272770631,15331.740938560823,-522.8873342098086,-3.2980106831507094,7,2025
2025-12-03,LCID,SELL,13.5600004196167,16334.778592132652,17607.28186860045,1272.503276467798,7.7901470735616485,2,2025
2025-12-03,UPST,SELL,45.29999923706055,14701.300732919388,15596.461360325298,895.1606274059104,6.0889892919573585,1,2025
2025-12-03,TTD,BUY,38.61000061035156,19891.147124337695,0.0,0.0,0.0,0,2025
2025-12-04,MU,BUY,226.5584716796875,17902.032411903925,0.0,0.0,0.0,0,2025
2025-12-04,ON,BUY,54.790000915527344,16111.82917071353,0.0,0.0,0.0,0,2025
2025-12-04,SNOW,BUY,234.77000427246094,14500.646253642179,0.0,0.0,0.0,0,2025
2025-12-05,LCID,BUY,13.420000076293945,13050.581628277961,0.0,0.0,0.0,0,2025
2025-12-05,VST,BUY,166.93724060058594,11745.523465450166,0.0,0.0,0.0,0,2025
2025-12-08,MU,SELL,246.82028198242188,17902.032411903925,19503.06539060547,1601.0329787015435,8.943302871225622,4,2025
2025-12-08,TSLA,BUY,439.5799865722656,12521.277657965695,0.0,0.0,0.0,0,2025
2025-12-09,TTD,SELL,39.400001525878906,19891.147124337695,20298.14075787063,406.99363353293666,2.046104384975167,6,2025
2025-12-11,ON,SELL,55.970001220703125,16111.82917071353,16458.826123089817,346.9969523762866,2.1536781994127896,7,2025
2025-12-11,SNOW,SELL,220.50999450683594,14500.646253642179,13619.872077121594,-880.7741765205847,-6.0740339507238,7,2025
2025-12-11,VST,SELL,174.35690307617188,11745.523465450166,12267.562882174589,522.0394167244231,4.444581957202831,6,2025
2025-12-11,RIVN,BUY,16.43000030517578,17533.590076194792,0.0,0.0,0.0,0,2025
2025-12-11,TTD,BUY,37.02000045776367,15780.231068575313,0.0,0.0,0.0,0,2025
2025-12-12,LCID,SELL,12.539999961853027,13050.581628277961,12194.805677375232,-855.7759509027292,-6.557377864664948,7,2025
2025-12-12,TSLA,SELL,458.9599914550781,12521.277657965695,13073.310119776905,552.0324618112099,4.408755055918934,4,2025
2025-12-12,RIVN,SELL,18.420000076293945,17533.590076194792,19657.256515051507,2123.666438856715,12.111988643672,1,2025
2025-12-12,AMAT,BUY,258.8871154785156,18694.745192938146,0.0,0.0,0.0,0,2025
2025-12-12,AMD,BUY,210.77999877929688,16825.270673644332,0.0,0.0,0.0,0,2025
2025-12-12,CAT,BUY,596.494384765625,15142.743606279899,0.0,0.0,0.0,0,2025
2025-12-12,KLAC,BUY,1192.3707275390625,13628.46924565191,0.0,0.0,0.0,0,2025
2025-12-12,LRCX,BUY,160.52000427246094,12265.622321086717,0.0,0.0,0.0,0,2025
2025-12-12,MU,BUY,241.04261779785156,11039.060088978047,0.0,0.0,0.0,0,2025
2025-12-15,CRWD,BUY,487.4700012207031,9935.154080080241,0.0,0.0,0.0,0,2025
2025-12-15,LCID,BUY,11.8100004196167,8941.638672072217,0.0,0.0,0.0,0,2025
2025-12-15,UPST,BUY,46.04999923706055,8047.474804864994,0.0,0.0,0.0,0,2025
2025-12-16,FANG,BUY,149.05999755859375,7242.727324378495,0.0,0.0,0.0,0,2025
2025-12-16,OXY,BUY,38.91999816894531,6518.4545919406455,0.0,0.0,0.0,0,2025
2025-12-16,RIVN,BUY,17.899999618530273,5866.609132746581,0.0,0.0,0.0,0,2025
2025-12-16,SLB,BUY,37.38951110839844,5279.948219471923,0.0,0.0,0.0,0,2025
2025-12-17,NET,BUY,191.42999267578125,4751.9533975247305,0.0,0.0,0.0,0,2025
2025-12-17,PLTR,BUY,177.2899932861328,4276.758057772257,0.0,0.0,0.0,0,2025
2025-12-17,TSLA,BUY,467.260009765625,3849.0822519950316,0.0,0.0,0.0,0,2025
2025-12-17,URI,BUY,790.7588500976562,3464.1740267955283,0.0,0.0,0.0,0,2025
2025-12-17,VST,BUY,159.7472686767578,3117.7566241159757,0.0,0.0,0.0,0,2025
2025-12-18,TTD,SELL,37.290000915527344,15780.231068575313,15895.32208854958,115.0910199742666,0.7293367218396352,7,2025
2025-12-18,KLAC,SELL,1220.8037109375,13628.46924565191,13953.450420430912,324.9811747790027,2.384575765049224,6,2025
2025-12-18,LRCX,SELL,164.6999969482422,12265.622321086717,12585.023081748404,319.40076066168695,2.604032248022037,6,2025
2025-12-18,MU,SELL,248.4496307373047,11039.060088978047,11378.280023052252,339.2199340742045,3.0729059479701393,6,2025
2025-12-18,RIVN,SELL,20.280000686645508,5866.609132746581,6646.639093624193,780.0299608776122,13.296095635954263,2,2025
2025-12-18,DVN,BUY,35.720001220703125,8851.852432444914,0.0,0.0,0.0,0,2025
2025-12-19,AMAT,SELL,256.0906066894531,18694.745192938146,18492.803821137146,-201.94137180100006,-1.080203927450607,7,2025
2025-12-19,AMD,SELL,213.42999267578125,16825.270673644332,17036.80338476528,211.53271112094808,1.2572321433871547,7,2025
2025-12-19,CAT,SELL,574.8749389648438,15142.743606279899,14593.907384125472,-548.8362221544267,-3.6244173210911224,7,2025
2025-12-19,UPST,SELL,47.59000015258789,8047.474804864994,8316.597905245015,269.12310038002033,3.3441931401552827,4,2025
2025-12-19,PLTR,SELL,193.3800048828125,4276.758057772257,4664.896640612011,388.1385828397533,9.075532859156699,2,2025
2025-12-22,CRWD,SELL,483.1400146484375,9935.154080080241,9846.90437517038,-88.24970490986198,-0.88825703354517,7,2025
2025-12-22,LCID,SELL,12.300000190734863,8941.638672072217,9312.629421188456,370.9907491162394,4.149024163489967,7,2025
2025-12-22,OXY,SELL,40.27000045776367,6518.4545919406455,6744.557598946951,226.10300700630523,3.4686596925267654,6,2025
2025-12-22,SLB,SELL,38.10529327392578,5279.948219471923,5381.027176066168,101.07895659424503,1.9143929522163816,6,2025
2025-12-22,NET,SELL,202.05999755859375,4751.9533975247305,5015.826822543024,263.87342501829335,5.552946397911729,5,2025
2025-12-22,TSLA,SELL,488.7300109863281,3849.0822519950316,4025.9426700102,176.8604180151683,4.5948723990894,5,2025
2025-12-22,URI,SELL,814.8944702148438,3464.1740267955283,3569.90789031187,105.73386351634144,3.0522099264784552,5,2025
2025-12-22,RIVN,BUY,21.75,18666.847698212623,0.0,0.0,0.0,0,2025
2025-12-23,FANG,SELL,148.16000366210938,7242.727324378495,7198.997212392689,-43.730111985805706,-0.6037796264759754,7,2025
2025-12-23,VST,SELL,161.6699981689453,3117.7566241159757,3155.2821646795555,37.52554056357985,1.2036071152353056,6,2025
2025-12-23,LCID,BUY,11.630000114440918,17835.590866098584,0.0,0.0,0.0,0,2025
2025-12-24,DVN,SELL,36.20000076293945,8851.852432444914,8970.802179654173,118.94974720925893,1.3437836669448977,6,2025
2025-12-29,RIVN,SELL,20.670000076293945,18666.847698212623,17739.94222281482,-926.9054753978016,-4.965516890602551,7,2025
2025-12-29,TSLA,BUY,459.6400146484375,18723.106219735626,0.0,0.0,0.0,0,2025
2025-12-30,LCID,SELL,10.899999618530273,17835.590866098584,16716.073235058797,-1119.5176310397874,-6.276874365669238,7,2025
2025-12-30,RIVN,BUY,19.59000015258789,18522.40292126794,0.0,0.0,0.0,0,2025
2025-12-30,UPST,BUY,44.959999084472656,16670.16262914115,0.0,0.0,0.0,0,2025
2025-12-31,LCID,BUY,10.569999694824219,15003.146366227034,0.0,0.0,0.0,0,2025
2026-01-02,LCID,SELL,11.149999618530273,15003.146366227034,15826.403130560098,823.256764333064,5.4872274404138555,2,2026
2026-01-02,CRWD,BUY,453.5799865722656,15085.47204266034,0.0,0.0,0.0,0,2026
2026-01-02,OKTA,BUY,83.63999938964844,13576.924838394305,0.0,0.0,0.0,0,2026
2026-01-02,PLTR,BUY,167.86000061035156,12219.232354554875,0.0,0.0,0.0,0,2026
2026-01-05,TSLA,SELL,451.6700134277344,18723.106219735626,18398.453938230537,-324.65228150508847,-1.7339659226142667,7,2026
2026-01-05,UPST,SELL,50.70000076293945,16670.16262914115,18798.42694008574,2128.2643109445926,12.766907907809898,6,2026
2026-01-05,OKTA,SELL,87.70999908447266,13576.924838394305,14237.59055279118,660.665714396875,4.866092449216275,3,2026
2026-01-05,PLTR,SELL,174.0399932861328,12219.232354554875,12669.099900010857,449.8675454559816,3.681635084779189,3,2026
2026-01-05,DVN,BUY,36.54999923706055,17407.666252211216,0.0,0.0,0.0,0,2026
2026-01-05,FANG,BUY,146.99000549316406,15666.899626990094,0.0,0.0,0.0,0,2026
2026-01-06,RIVN,SELL,19.530000686645508,18522.40292126794,18465.673249262356,-56.7296720055856,-0.30627598506912657,7,2026
2026-01-06,AMD,BUY,214.35000610351562,15946.776989217322,0.0,0.0,0.0,0,2026
2026-01-06,TSLA,BUY,432.9599914550781,14352.09929029559,0.0,0.0,0.0,0,2026
2026-01-07,CRWD,SELL,478.9100036621094,15085.47204266034,15927.914998613087,842.4429559527471,5.5844653290954005,5,2026
2026-01-07,CAT,BUY,595.1276245117188,14509.680861127339,0.0,0.0,0.0,0,2026
2026-01-07,LCID,BUY,11.0,13058.712775014605,0.0,0.0,0.0,0,2026
2026-01-07,VST,BUY,154.60000610351562,11752.841497513145,0.0,0.0,0.0,0,2026
2026-01-08,AMAT,BUY,281.2891845703125,10577.55734776183,0.0,0.0,0.0,0,2026
2026-01-08,CRWD,BUY,463.8699951171875,9519.801612985646,0.0,0.0,0.0,0,2026
2026-01-08,MU,BUY,327.0199890136719,8567.821451687083,0.0,0.0,0.0,0,2026
2026-01-08,NET,BUY,186.9600067138672,7711.039306518374,0.0,0.0,0.0,0,2026
2026-01-08,SNOW,BUY,223.7899932861328,6939.9353758665375,0.0,0.0,0.0,0,2026
2026-01-08,TTD,BUY,37.29999923706055,6245.941838279883,0.0,0.0,0.0,0,2026
2026-01-08,ZS,BUY,220.32000732421875,5621.347654451895,0.0,0.0,0.0,0,2026
2026-01-09,VST,SELL,166.3699951171875,11752.841497513145,12647.607408534743,894.7659110215973,7.613187935963617,2,2026
2026-01-09,AMAT,SELL,300.8048400878906,10577.55734776183,11311.42120296721,733.8638552053799,6.937933126504503,1,2026
2026-01-09,MU,SELL,345.0899963378906,8567.821451687083,9041.249993017354,473.4285413302714,5.525658348506424,1,2026
2026-01-09,RIVN,BUY,19.219999313354492,8359.240749458635,0.0,0.0,0.0,0,2026
2026-01-12,DVN,SELL,35.720001220703125,17407.666252211216,17012.363139753223,-395.30311245799385,-2.270856453304193,7,2026
2026-01-12,FANG,SELL,147.55999755859375,15666.899626990094,15727.652114530363,60.7524875402687,0.3877760692077681,7,2026
2026-01-12,TSLA,SELL,448.9599914550781,14352.09929029559,14882.479910160682,530.3806198650927,3.6954915733039773,6,2026
2026-01-12,CAT,SELL,628.2999877929688,14509.680861127339,15318.44924087651,808.7683797491718,5.573991512907295,5,2026
2026-01-12,LCID,SELL,11.260000228881836,13058.712775014605,13367.373530506055,308.6607554914499,2.3636384443803227,5,2026
2026-01-12,COF,BUY,232.3111114501953,15154.148468095455,0.0,0.0,0.0,0,2026
2026-01-12,ON,BUY,58.75,13638.733621285908,0.0,0.0,0.0,0,2026
2026-01-12,UPST,BUY,45.25,12274.860259157318,0.0,0.0,0.0,0,2026
2026-01-13,AMD,SELL,220.97000122070312,15946.776989217322,16439.277958648203,492.500969430881,3.0884044453866277,7,2026
2026-01-15,CRWD,SELL,455.0,9519.801612985646,9337.766571459746,-182.03504152589994,-1.9121726368498293,7,2026
2026-01-15,NET,SELL,184.13999938964844,7711.039306518374,7594.730007519469,-116.30929899890543,-1.508347894175377,7,2026
2026-01-15,SNOW,SELL,207.74000549316406,6939.9353758665375,6442.210359519473,-497.7250163470644,-7.17189699024996,7,2026
2026-01-15,TTD,SELL,36.22999954223633,6245.941838279883,6066.768755235714,-179.1730830441693,-2.8686319482845724,7,2026
2026-01-15,ZS,SELL,210.5800018310547,5621.347654451895,5372.836601378198,-248.51105307369744,-4.420844757340103,7,2026
2026-01-15,UPST,SELL,47.90999984741211,12274.860259157318,12996.432113662588,721.5718545052696,5.878452701463233,3,2026
2026-01-15,DVN,BUY,36.31999969482422,17472.376469983927,0.0,0.0,0.0,0,2026
2026-01-15,LCID,BUY,10.050000190734863,15725.138822985535,0.0,0.0,0.0,0,2026
2026-01-16,RIVN,SELL,16.670000076293945,8359.240749458635,7250.184646698316,-1109.056102760319,-13.26742626514429,7,2026
2026-01-16,PLTR,BUY,170.9600067138672,14877.643405356815,0.0,0.0,0.0,0,2026
2026-01-16,VST,BUY,166.60000610351562,13389.879064821132,0.0,0.0,0.0,0,2026
2026-01-20,KLAC,BUY,1484.25146484375,12050.89115833902,0.0,0.0,0.0,0,2026
2026-01-20,MS,BUY,182.10000610351562,10845.802042505118,0.0,0.0,0.0,0,2026
2026-01-20,NET,BUY,177.4199981689453,9761.221838254605,0.0,0.0,0.0,0,2026
2026-01-20,RIVN,BUY,16.15999984741211,8785.099654429145,0.0,0.0,0.0,0,2026
2026-01-20,TSLA,BUY,419.25,7906.589688986231,0.0,0.0,0.0,0,2026
2026-01-20,TTD,BUY,34.150001525878906,7115.9307200876065,0.0,0.0,0.0,0,2026
2026-01-20,UPST,BUY,44.61000061035156,6404.3376480788465,0.0,0.0,0.0,0,2026
2026-01-20,ZS,BUY,206.32000732421875,5763.903883270962,0.0,0.0,0.0,0,2026
2026-01-21,DVN,SELL,37.75,17472.376469983927,18160.30333931657,687.9268693326449,3.937225542927414,6,2026
2026-01-21,LCID,SELL,11.470000267028809,15725.138822985535,17946.99931100405,2221.860488018514,14.129353724819316,6,2026
2026-01-22,TSLA,SELL,449.3599853515625,7906.589688986231,8474.430594689726,567.8409057034951,7.181868897212285,2,2026
2026-01-22,TTD,SELL,36.81999969482422,7115.9307200876065,7672.285658419826,556.3549383322197,7.818442312285057,2,2026
2026-01-22,LRCX,BUY,220.6999969482422,10412.915385286884,0.0,0.0,0.0,0,2026
2026-01-23,PLTR,SELL,169.60000610351562,14877.643405356815,14759.290554881423,-118.35285047539219,-0.7955080468777576,7,2026
2026-01-23,VST,SELL,160.1199951171875,13389.879064821132,12869.071380145935,-520.8076846751974,-3.889562274266556,7,2026
2026-01-23,CAT,BUY,626.6199951171875,12134.46004026093,0.0,0.0,0.0,0,2026
2026-01-23,GS,BUY,918.8800048828125,10921.014036234837,0.0,0.0,0.0,0,2026
2026-01-23,LCID,BUY,11.0600004196167,9828.912632611353,0.0,0.0,0.0,0,2026
2026-01-23,URI,BUY,916.964599609375,8846.02136935022,0.0,0.0,0.0,0,2026
2026-01-26,KLAC,SELL,1541.027587890625,12050.89115833902,12511.866198914358,460.9750405753384,3.825236113400221,6,2026
2026-01-26,NET,SELL,189.35000610351562,9761.221838254605,10417.582198886495,656.3603606318902,6.724161908292969,6,2026
2026-01-26,UPST,SELL,45.91999816894531,6404.3376480788465,6592.40459648966,188.0669484108139,2.9365557961677613,6,2026
2026-01-26,ZS,SELL,214.5500030517578,5763.903883270962,5993.82295388597,229.9190706150075,3.9889469927199883,6,2026
2026-01-26,AMD,BUY,251.30999755859375,11512.986827232846,0.0,0.0,0.0,0,2026
2026-01-26,TSLA,BUY,435.20001220703125,10361.688144509562,0.0,0.0,0.0,0,2026
2026-01-26,TTD,BUY,33.810001373291016,9325.519330058605,0.0,0.0,0.0,0,2026
2026-01-27,MS,SELL,182.66000366210938,10845.802042505118,10879.155268541484,33.35322603636632,0.3075219878221347,7,2026
2026-01-27,RIVN,SELL,15.270000457763672,8785.099654429145,8301.267141788698,-483.832512640447,-5.507422017649111,7,2026
2026-01-27,LRCX,SELL,238.4600067138672,10412.915385286884,11250.855944817982,837.9405595310982,8.047127327233273,5,2026
2026-01-27,RIVN,BUY,15.270000457763672,11436.09523256756,0.0,0.0,0.0,0,2026
2026-01-28,CAT,SELL,643.280029296875,12134.46004026093,12457.080640621747,322.62060036081675,2.65871410256735,5,2026
2026-01-28,NET,BUY,184.8800048828125,11538.19377337298,0.0,0.0,0.0,0,2026
2026-01-28,PLTR,BUY,157.35000610351562,10384.37439603568,0.0,0.0,0.0,0,2026
2026-01-28,SLB,BUY,48.583499908447266,9345.936956432113,0.0,0.0,0.0,0,2026
2026-01-28,UPST,BUY,43.165000915527344,8411.343260788903,0.0,0.0,0.0,0,2026
2026-01-29,GS,SELL,940.1199951171875,10921.014036234837,11173.45421367529,252.44017744045232,2.3115085888808506,6,2026
2026-01-29,LCID,SELL,11.329999923706055,9828.912632611353,10068.85851288779,239.94588027643658,2.4412250799780155,6,2026
2026-01-29,CRWD,BUY,444.6199951171875,9694.44020736632,0.0,0.0,0.0,0,2026
2026-01-29,OKTA,BUY,85.69000244140625,8724.996186629687,0.0,0.0,0.0,0,2026
2026-01-29,SNOW,BUY,199.3699951171875,7852.496567966719,0.0,0.0,0.0,0,2026
2026-01-29,ZS,BUY,200.6300048828125,7067.2469111700475,0.0,0.0,0.0,0,2026
2026-01-30,URI,SELL,780.3024291992188,8846.02136935022,7527.631891343086,-1318.3894780071332,-14.903756422916882,7,2026
2026-01-30,AMAT,BUY,321.91851806640625,7113.285409187351,0.0,0.0,0.0,0,2026
2026-01-30,KLAC,BUY,1426.0869140625,6401.956868268616,0.0,0.0,0.0,0,2026
2026-01-30,LRCX,BUY,233.4600067138672,5761.761181441754,0.0,0.0,0.0,0,2026
2026-01-30,MU,BUY,414.8800048828125,5185.585063297579,0.0,0.0,0.0,0,2026
2026-02-02,AMD,SELL,246.27000427246094,11512.986827232846,11282.09519189685,-230.8916353359964,-2.0054885739106854,7,2026
2026-02-02,TSLA,SELL,421.80999755859375,10361.688144509562,10042.88494564494,-318.80319886462166,-3.0767496031382624,7,2026
2026-02-02,TTD,SELL,29.75,9325.519330058605,8205.68437741647,-1119.8349526421352,-12.008285147537167,7,2026
2026-02-02,MU,SELL,437.79998779296875,5185.585063297579,5472.061923187497,286.47685988991816,5.524484824625442,3,2026
2026-02-02,FANG,BUY,158.63999938964844,8167.299200782399,0.0,0.0,0.0,0,2026
2026-02-02,LCID,BUY,10.289999961853027,7350.56928070416,0.0,0.0,0.0,0,2026
2026-02-02,OXY,BUY,43.79999923706055,6615.512352633743,0.0,0.0,0.0,0,2026
2026-02-03,RIVN,SELL,14.40999984741211,11436.09523256756,10792.018704393897,-644.076528173664,-5.631961915982231,7,2026
2026-02-03,SLB,SELL,49.46828079223633,9345.936956432113,9516.140963466014,170.20400703390078,1.8211550947469402,6,2026
2026-02-03,MU,BUY,419.44000244140625,7984.777084156359,0.0,0.0,0.0,0,2026
2026-02-03,TTD,BUY,27.18000030517578,7186.299375740723,0.0,0.0,0.0,0,2026
2026-02-04,NET,SELL,166.8800048828125,11538.19377337298,10414.830064829388,-1123.3637085435912,-9.736044745027684,7,2026
2026-02-04,PLTR,SELL,139.5399932861328,10384.37439603568,9208.99572479351,-1175.3786712421697,-11.31872394441864,7,2026
2026-02-04,UPST,SELL,37.91999816894531,8411.343260788903,7389.2763647029105,-1022.0668960859921,-12.151054408284034,7,2026
2026-02-04,FANG,SELL,168.99000549316406,8167.299200782399,8700.150921045655,532.8517202632565,6.524209621366772,2,2026
2026-02-04,OXY,SELL,46.689998626708984,6615.512352633743,7052.015252048092,436.5028994143495,6.598172237416655,2,2026
2026-02-04,AMD,BUY,200.19000244140625,10744.196270908607,0.0,0.0,0.0,0,2026
2026-02-04,PLTR,BUY,139.5399932861328,9669.776643817746,0.0,0.0,0.0,0,2026
2026-02-04,TSLA,BUY,406.010009765625,8702.798979435971,0.0,0.0,0.0,0,2026
2026-02-04,VST,BUY,142.52000427246094,7832.5190814923735,0.0,0.0,0.0,0,2026
2026-02-05,CRWD,SELL,377.1600036621094,9694.44020736632,8223.55077204453,-1470.889435321791,-15.172505104566392,7,2026
2026-02-05,OKTA,SELL,82.1500015258789,8724.996186629687,8364.55163523921,-360.4445513904775,-4.131171449023996,7,2026
2026-02-05,SNOW,SELL,156.7100067138672,7852.496567966719,6172.266740355644,-1680.229827611075,-21.397396523105318,7,2026
2026-02-05,ZS,SELL,169.38999938964844,7067.2469111700475,5966.80915533459,-1100.4377558354572,-15.570953861767222,7,2026
2026-02-05,CRWD,BUY,377.1600036621094,9921.985003640533,0.0,0.0,0.0,0,2026
2026-02-05,OXY,BUY,45.09000015258789,8929.78650327648,0.0,0.0,0.0,0,2026
2026-02-05,RIVN,BUY,13.729999542236328,8036.807852948831,0.0,0.0,0.0,0,2026
2026-02-05,SLB,BUY,49.21974563598633,7233.127067653949,0.0,0.0,0.0,0,2026
2026-02-05,SNOW,BUY,156.7100067138672,6509.814360888554,0.0,0.0,0.0,0,2026
2026-02-05,UPST,BUY,34.619998931884766,5858.832924799699,0.0,0.0,0.0,0,2026
2026-02-05,ZS,BUY,169.38999938964844,5272.949632319728,0.0,0.0,0.0,0,2026
2026-02-06,AMAT,SELL,322.1082763671875,7113.285409187351,7117.478411069714,4.193001882362296,0.05894606558238813,7,2026
2026-02-06,KLAC,SELL,1441.077392578125,6401.956868268616,6469.251782726777,67.29491445816075,1.0511616345262986,7,2026
2026-02-06,LRCX,SELL,231.00999450683594,5761.761181441754,5701.295213727497,-60.465967714257204,-1.0494355078272677,7,2026
2026-02-06,LCID,SELL,10.859999656677246,7350.56928070416,7757.743455856551,407.1741751523914,5.539355655367495,4,2026
2026-02-06,AMD,SELL,208.44000244140625,10744.196270908607,11186.973723099009,442.77745219040116,4.121084919020723,2,2026
2026-02-06,VST,SELL,149.64999389648438,7832.5190814923735,8224.364282915772,391.845201423399,5.002799193292717,2,2026
2026-02-06,RIVN,SELL,14.800000190734863,8036.807852948831,8663.129040219077,626.3211872702459,7.793158661127353,1,2026
2026-02-06,SNOW,SELL,168.42999267578125,6509.814360888554,6996.6686117698355,486.8542508812816,7.4787731860118445,1,2026
2026-02-06,UPST,SELL,38.2400016784668,5858.832924799699,6471.455453219444,612.6225284197453,10.456391849417512,1,2026
2026-02-09,PLTR,SELL,142.91000366210938,9669.776643817746,9903.310033461961,233.53338964421528,2.4150856658464948,5,2026
2026-02-09,TSLA,SELL,417.32000732421875,8702.798979435971,8945.228064539495,242.4290851035239,2.785645005432902,5,2026
2026-02-09,CRWD,SELL,408.0400085449219,9921.985003640533,10734.34830405587,812.3633004153362,8.18750784361464,4,2026
2026-02-09,OXY,SELL,46.65999984741211,8929.78650327648,9240.714913956133,310.9284106796531,3.4819243502133945,4,2026
2026-02-10,MU,SELL,373.25,7984.777084156359,7105.469266913084,-879.3078172432752,-11.012302635073246,7,2026
2026-02-10,TTD,SELL,28.1299991607666,7186.299375740723,7437.475832923716,251.17645718299264,3.495212821649285,7,2026
2026-02-10,ZS,SELL,174.33999633789062,5272.949632319728,5427.038331075651,154.08869875592245,2.922248636919633,5,2026
2026-02-11,SLB,SELL,51.560001373291016,7233.127067653949,7577.041220399077,343.9141527451284,4.7547091255051965,6,2026
2026-02-11,LCID,BUY,10.050000190734863,18241.553263280624,0.0,0.0,0.0,0,2026
2026-02-11,TTD,BUY,27.229999542236328,16417.397936952562,0.0,0.0,0.0,0,2026
2026-02-11,UPST,BUY,33.099998474121094,14775.658143257308,0.0,0.0,0.0,0,2026
2026-02-12,AMAT,BUY,327.98095703125,13298.092328931576,0.0,0.0,0.0,0,2026
2026-02-12,AMD,BUY,205.94000244140625,11968.283096038416,0.0,0.0,0.0,0,2026
2026-02-12,GS,BUY,904.5499877929688,10771.454786434575,0.0,0.0,0.0,0,2026
2026-02-12,MS,BUY,168.05999755859375,9694.309307791116,0.0,0.0,0.0,0,2026
2026-02-12,OKTA,BUY,84.91000366210938,8724.878377012004,0.0,0.0,0.0,0,2026
2026-02-12,OXY,BUY,45.4900016784668,7852.390539310804,0.0,0.0,0.0,0,2026
2026-02-12,PLTR,BUY,129.1300048828125,7067.151485379724,0.0,0.0,0.0,0,2026
2026-02-12,RIVN,BUY,14.0,6360.436336841752,0.0,0.0,0.0,0,2026
2026-02-12,SNOW,BUY,172.91000366210938,5724.392703157577,0.0,0.0,0.0,0,2026
2026-02-13,AMAT,SELL,354.4679260253906,13298.092328931576,14372.01492000466,1073.9225910730838,8.075764286405484,1,2026
2026-02-13,RIVN,SELL,17.729999542236328,6360.436336841752,8055.0380957591115,1694.6017589173598,26.64285387311662,1,2026
2026-02-13,SNOW,SELL,182.2899932861328,5724.392703157577,6034.928490690037,310.53578753245984,5.424781345996199,1,2026
2026-02-17,MS,SELL,171.5399932861328,9694.309307791116,9895.048064560367,200.73875676925127,2.0706865274859876,5,2026
2026-02-17,PLTR,SELL,133.02000427246094,7067.151485379724,7280.047124852742,212.89563947301758,3.0124674688726927,5,2026
2026-02-17,CRWD,BUY,414.2850036621094,9715.661102428512,0.0,0.0,0.0,0,2026
2026-02-17,RIVN,BUY,16.469999313354492,8744.09499218566,0.0,0.0,0.0,0,2026
2026-02-18,LCID,SELL,9.800000190734863,18241.553263280624,17787.783290218893,-453.76997306173143,-2.4875621418442906,7,2026
2026-02-18,TTD,SELL,25.5,16417.397936952562,15374.353816750312,-1043.0441202022503,-6.353285241716344,7,2026
2026-02-18,UPST,SELL,31.530000686645508,14775.658143257308,14074.819724441471,-700.8384188158361,-4.74319595121152,7,2026
2026-02-18,GS,SELL,933.72998046875,10771.454786434575,11118.9325112893,347.47772485472524,3.225912671446518,6,2026
2026-02-18,OXY,SELL,47.11000061035156,7852.390539310804,8132.0314233964855,279.64088408568114,3.5612197672254986,6,2026
2026-02-19,AMD,SELL,203.3699951171875,11968.283096038416,11818.926123859621,-149.35697217879533,-1.2479398338115288,7,2026
2026-02-19,OKTA,SELL,81.80000305175781,8724.878377012004,8405.312060824705,-319.5663161872999,-3.662702244988103,7,2026
2026-02-20,NET,BUY,177.13999938964844,16540.90138804518,0.0,0.0,0.0,0,2026
2026-02-20,OKTA,BUY,74.29000091552734,14886.81124924066,0.0,0.0,0.0,0,2026
2026-02-20,SNOW,BUY,172.5,13398.130124316594,0.0,0.0,0.0,0,2026
2026-02-20,UPST,BUY,29.290000915527344,12058.317111884935,0.0,0.0,0.0,0,2026
2026-02-20,ZS,BUY,159.75,10852.485400696443,0.0,0.0,0.0,0,2026
2026-02-23,GS,BUY,892.3099975585938,9767.236860626797,0.0,0.0,0.0,0,2026
2026-02-23,MS,BUY,166.8000030517578,8790.513174564117,0.0,0.0,0.0,0,2026
2026-02-23,PLTR,BUY,130.60000610351562,7911.461857107707,0.0,0.0,0.0,0,2026
2026-02-23,TTD,BUY,24.170000076293945,7120.3156713969365,0.0,0.0,0.0,0,2026
2026-02-24,CRWD,SELL,350.25,9715.661102428512,8213.935505860112,-1501.7255965683999,-15.456751534828971,7,2026
2026-02-24,RIVN,SELL,15.119999885559082,8744.09499218566,8027.366168374005,-716.7288238116562,-8.19671817897879,7,2026
2026-02-25,MS,SELL,173.72999572753906,8790.513174564117,9155.730145796337,365.2169712322193,4.154671791960873,2,2026
2026-02-25,TTD,SELL,25.15999984741211,7120.3156713969365,7411.962790251762,291.64711885482575,4.095985800550994,2,2026
2026-02-25,DE,BUY,623.6099853515625,9689.183565285464,0.0,0.0,0.0,0,2026
2026-02-25,URI,BUY,854.4600219726562,8720.265208756919,0.0,0.0,0.0,0,2026
2026-02-26,OKTA,SELL,75.25,14886.81124924066,15079.183371920246,192.37212267958603,1.2922318921011255,6,2026
2026-02-26,UPST,SELL,29.670000076293945,12058.317111884935,12214.757884829558,156.44077294462295,1.2973682106139917,6,2026
2026-02-26,ZS,SELL,167.36000061035156,10852.485400696443,11369.464558900709,516.9791582042653,4.763693652802226,6,2026
2026-02-26,GS,SELL,929.0,9767.236860626797,10168.846105443823,401.6092448170257,4.111799995718068,3,2026
2026-02-26,PLTR,SELL,135.94000244140625,7911.461857107707,8234.947120277073,323.4852631693657,4.088817831798619,3,2026
2026-02-26,AMAT,BUY,375.7200012207031,13554.958592018367,0.0,0.0,0.0,0,2026
2026-02-26,AMD,BUY,203.67999267578125,12199.46273281653,0.0,0.0,0.0,0,2026
2026-02-26,LRCX,BUY,239.07000732421875,10979.516459534876,0.0,0.0,0.0,0,2026
2026-02-26,MU,BUY,415.55999755859375,9881.56481358139,0.0,0.0,0.0,0,2026
2026-02-26,TTD,BUY,23.950000762939453,8893.40833222325,0.0,0.0,0.0,0,2026
2026-02-27,NET,SELL,172.19000244140625,16540.90138804518,16078.682737971143,-462.2186500740354,-2.7943981965100173,7,2026
2026-02-27,SNOW,SELL,168.41000366210938,13398.130124316594,13080.458801748264,-317.67132256833065,-2.3710123697916696,7,2026
2026-02-27,GS,BUY,859.5700073242188,10919.981652972867,0.0,0.0,0.0,0,2026
2026-02-27,LCID,BUY,10.0,9827.98348767558,0.0,0.0,0.0,0,2026
2026-02-27,MS,BUY,166.50999450683594,8845.185138908022,0.0,0.0,0.0,0,2026
2026-02-27,OKTA,BUY,72.5,7960.666625017219,0.0,0.0,0.0,0,2026
2026-02-27,UPST,BUY,27.229999542236328,7164.599962515498,0.0,0.0,0.0,0,2026
2026-02-27,ZS,BUY,146.99000549316406,6448.139966263949,0.0,0.0,0.0,0,2026
2026-03-02,ZS,SELL,152.30999755859375,6448.139966263949,6681.516741386931,233.3767751229825,3.6192882962216677,3,2026
