Date,Close,Return
2021-02-22,122.72342681884766,
2021-02-23,122.58708190917969,-0.11109933384538806
2021-02-24,122.09033203125,-0.4052220431331466
2021-02-25,117.84371185302734,-3.4782608152263084
2021-02-26,118.10670471191406,0.2231708885873429
2021-03-01,124.46688842773438,5.38511656161611
2021-03-02,121.86632537841797,-2.089361341129936
2021-03-03,118.88590240478516,-2.4456493328883444
2021-03-04,117.00607299804688,-1.5812046413525072
2021-03-05,118.26251983642578,1.0738304484416705
2021-03-08,113.3341293334961,-4.167330875197283
2021-03-09,117.94112396240234,4.0649667103805465
2021-03-10,116.85999298095703,-0.9166700681858542
2021-03-11,118.78850555419922,1.6502761330444704
2021-03-12,117.8826904296875,-0.7625444232046696
2021-03-15,120.7657241821289,2.44568031314234
2021-03-16,122.30464172363281,1.2742999323078097
2021-03-17,121.51569366455078,-0.6450679614145693
2021-03-18,117.39569854736328,-3.3905045454959315
2021-03-19,116.8697280883789,-0.4480321387347663
2021-03-22,120.18130493164062,2.8335625464598113
2021-03-23,119.35342407226562,-0.6888599352835256
2021-03-24,116.96713256835938,-1.999349011102869
2021-03-25,117.45410919189453,0.41633629280477535
2021-03-26,118.05799102783203,0.5141427916760977
2021-03-29,118.23332977294922,0.14851916722506964
2021-03-30,116.78207397460938,-1.227450669897212
2021-03-31,118.97357940673828,1.876576907347416
2021-04-01,119.80144500732422,0.6958398702586743
2021-04-05,122.62604522705078,2.357734683044832
2021-04-06,122.92799377441406,0.2462352486408692
2021-04-07,124.57403564453125,1.3390293126705144
2021-04-08,126.97006225585938,1.9233756046606043
2021-04-09,129.5413818359375,2.0251384731123645
2021-04-12,127.82719421386719,-1.323274152070808
2021-04-13,130.93421936035156,2.4306448761489907
2021-04-14,128.59666442871094,-1.7852895469650298
2021-04-15,131.00242614746094,1.8707808086916966
2021-04-16,130.6712646484375,-0.25279035569208963
2021-04-19,131.33355712890625,0.5068386551936976
2021-04-20,129.64854431152344,-1.283002497015251
2021-04-21,130.02842712402344,0.293009701356306
2021-04-22,128.50897216796875,-1.1685559763061737
2021-04-23,130.8270721435547,1.8038429041016935
2021-04-26,131.21669006347656,0.29781138837561283
2021-04-27,130.89529418945312,-0.24493520897986842
2021-04-28,130.10635375976562,-0.6027263505329783
2021-04-29,130.00892639160156,-0.0748828672456403
2021-04-30,128.0414581298828,-1.5133332120538467
2021-05-03,129.0933837890625,0.8215508277894079
2021-05-04,124.52533721923828,-3.5385597896235854
2021-05-05,124.76882934570312,0.19553621126611187
2021-05-06,126.36618041992188,1.2802485064542068
2021-05-07,127.03939819335938,0.5327515409584649
2021-05-10,123.7612075805664,-2.580451938069972
2021-05-11,122.84408569335938,-0.7410414823320166
2021-05-12,119.78053283691406,-2.493854579285548
2021-05-13,121.92698669433594,1.7919889038599868
2021-05-14,124.34658813476562,1.9844675129186085
2021-05-17,123.1953125,-0.9258602524082837
2021-05-18,121.80990600585938,-1.1245610454055477
2021-05-19,121.65380096435547,-0.12815463587698694
2021-05-20,124.21000671386719,2.1012132208353185
2021-05-21,122.37579345703125,-1.4767032909524525
2021-05-24,124.00508880615234,1.3313869541472512
2021-05-25,123.80998992919922,-0.1573313473111626
2021-05-26,123.7612075805664,-0.039400979404580205
2021-05-27,122.22942352294922,-1.2376932057809986
2021-05-28,121.57575225830078,-0.5347904340935572
2021-06-01,121.25377655029297,-0.2648354643315254
2021-06-02,122.01477813720703,0.6276106267077086
2021-06-03,120.53179931640625,-1.2154091852161986
2021-06-04,122.82456970214844,1.902212029311423
2021-06-07,122.83433532714844,0.007950872552364707
2021-06-08,123.65388488769531,0.6671990843310605
2021-06-09,124.03437805175781,0.3077082166953904
2021-06-10,123.03922271728516,-0.8023221868838637
2021-06-11,124.24901580810547,0.9832580734032481
2021-06-14,127.30280303955078,2.457795912171812
2021-06-15,126.4832763671875,-0.6437616869352625
2021-06-16,126.9808349609375,0.39337895731412775
2021-06-17,128.58090209960938,1.2600855390217713
2021-06-18,127.28331756591797,-1.00915805730325
2021-06-21,129.07847595214844,1.4103642335538513
2021-06-22,130.71759033203125,1.269858795428025
2021-06-23,130.44442749023438,-0.20897175437752935
2021-06-24,130.1614532470703,-0.21693087900228614
2021-06-25,129.86874389648438,-0.2248817474635345
2021-06-28,131.49807739257812,1.2546001810816554
2021-06-29,133.01036071777344,1.1500421566472685
2021-06-30,133.62501525878906,0.4621102729883031
2021-07-01,133.92747497558594,0.22634962189609364
2021-07-02,136.55203247070312,1.9596856400045048
2021-07-06,138.5618133544922,1.4718059097511116
2021-07-07,141.04969787597656,1.795505169320677
2021-07-08,139.75213623046875,-0.9199322402297816
2021-07-09,141.57655334472656,1.305466351690776
2021-07-12,140.9813995361328,-0.4203759694195952
2021-07-13,142.09364318847656,0.7889293594781632
2021-07-14,145.51817321777344,2.4100515353487673
2021-07-15,144.864501953125,-0.4492024949146356
2021-07-16,142.82542419433594,-1.4075758597153487
2021-07-19,138.9813232421875,-2.691468254922136
2021-07-20,142.5912322998047,2.5974058768505115
2021-07-21,141.8595428466797,-0.5131377584188246
2021-07-22,143.22540283203125,0.9628255935011598
2021-07-23,144.94256591796875,1.198923551258102
2021-07-26,145.3621063232422,0.2894528619776793
2021-07-27,143.19615173339844,-1.4900407297533946
2021-07-28,141.44970703125,-1.2196170644305782
2021-07-29,142.09364318847656,0.45524036121495914
2021-07-30,142.30831909179688,0.15108058214508002
2021-08-02,141.9766082763672,-0.23309305987636586
2021-08-03,143.77178955078125,1.2644204536282677
2021-08-04,143.3717498779297,-0.27824629164142634
2021-08-05,143.4790802001953,0.07486155561120533
2021-08-06,142.79510498046875,-0.4767072793972593
2021-08-09,142.7462615966797,-0.034205222788097345
2021-08-10,142.26747131347656,-0.33541353577154487
2021-08-11,142.52151489257812,0.17856757891043795
2021-08-12,145.482177734375,2.077344493586386
2021-08-13,145.68739318847656,0.14105882747799114
2021-08-16,147.66110229492188,1.3547562786657252
2021-08-17,146.75242614746094,-0.6153794962508452
2021-08-18,143.01010131835938,-2.5500940102626823
2021-08-19,143.34231567382812,0.232301321659234
2021-08-20,144.79820251464844,1.0156713556471075
2021-08-23,146.28341674804688,1.0257131701950417
2021-08-24,146.19546508789062,-0.06012414948424194
2021-08-25,144.96426391601562,-0.8421609870968405
2021-08-26,144.16307067871094,-0.5526832721813757
2021-08-27,145.19882202148438,0.7184581584570804
2021-08-30,149.61534118652344,3.041704542469059
2021-08-31,148.35487365722656,-0.8424721150256054
2021-09-01,149.01931762695312,0.44787471644629484
2021-09-02,150.1332244873047,0.747491585715121
2021-09-03,150.7683563232422,0.4230454905011394
2021-09-07,153.1036834716797,1.548950459757381
2021-09-08,151.55978393554688,-1.0084013010819515
2021-09-09,150.54359436035156,-0.6704876114282832
2021-09-10,145.5603485107422,-3.310167975451106
2021-09-13,146.1270751953125,0.38934139026776116
2021-09-14,144.72982788085938,-0.9561864648187757
2021-09-15,145.61895751953125,0.6143375223273351
2021-09-16,145.38442993164062,-0.161055670144572
2021-09-17,142.71693420410156,-1.8347877615184194
2021-09-20,139.66835021972656,-2.1361052921828994
2021-09-21,140.1471710205078,0.3428269898140712
2021-09-22,142.51174926757812,1.6872108297671717
2021-09-23,143.46929931640625,0.6719095469316372
2021-09-24,143.55726623535156,0.06131410647745028
2021-09-27,142.04273986816406,-1.0549980554133365
2021-09-28,138.66192626953125,-2.3801382610407873
2021-09-29,139.56089782714844,0.6483189595028138
2021-09-30,138.2613067626953,-0.931199988454301
2021-10-01,139.385009765625,0.8127385956639088
2021-10-04,135.95533752441406,-2.4605746679488005
2021-10-05,137.88023376464844,1.4158298418322168
2021-10-06,138.74986267089844,0.6307132520056546
2021-10-07,140.01034545898438,0.9084569626390815
2021-10-08,139.62925720214844,-0.2721857842623354
2021-10-11,139.5413055419922,-0.06298942064049129
2021-10-12,138.27110290527344,-0.910269996246027
2021-10-13,137.68484497070312,-0.4239916528126275
2021-10-14,140.46957397460938,2.022538504146043
2021-10-15,141.52488708496094,0.7512752267208489
2021-10-18,143.19569396972656,1.1805746107132364
2021-10-19,145.35513305664062,1.5080335358202746
2021-10-20,145.8437042236328,0.3361224036042776
2021-10-21,146.0586395263672,0.14737372715438735
2021-10-22,145.28672790527344,-0.5284943250169039
2021-10-25,145.2378692626953,-0.033629116219058286
2021-10-26,145.90231323242188,0.45748672374472665
2021-10-27,145.44308471679688,-0.31475067492141573
2021-10-28,149.0779266357422,2.4991507337890795
2021-10-29,146.37132263183594,-1.8155632191743432
2021-11-01,145.550537109375,-0.5607556915540379
2021-11-02,146.58628845214844,0.7116094267622719
2021-11-03,148.02267456054688,0.9798911777941122
2021-11-04,147.5048065185547,-0.3498572387842902
2021-11-05,148.033203125,0.3582233141527169
2021-11-08,147.21121215820312,-0.5552747285369364
2021-11-09,147.57330322265625,0.24596704228208033
2021-11-10,144.7452850341797,-1.9163480973314662
2021-11-11,144.69639587402344,-0.03377599494498451
2021-11-12,146.7708740234375,1.433676448458443
2021-11-15,146.7806854248047,0.006684842229409682
2021-11-16,147.7592010498047,0.6666514890348418
2021-11-17,150.1957550048828,1.6490032009965017
2021-11-18,154.4817352294922,2.8535961116011865
2021-11-19,157.104248046875,1.6976199895003097
2021-11-22,157.5641632080078,0.29274521017126354
2021-11-23,157.94578552246094,0.2422012129428941
2021-11-24,158.4644012451172,0.32835046591508377
2021-11-26,153.4445037841797,-3.167839225399638
2021-11-29,156.80088806152344,2.1873603775763195
2021-11-30,161.7523193359375,3.1577826730619485
2021-12-01,161.2336883544922,-0.3206327943701348
2021-12-02,160.24534606933594,-0.6129874564323456
2021-12-03,158.36651611328125,-1.1724708405832507
2021-12-06,161.7718505859375,2.1502869143249725
2021-12-07,167.506103515625,3.5446543443238276
2021-12-08,171.32240295410156,2.2783047055479955
2021-12-09,170.8135528564453,-0.2970131686704014
2021-12-10,175.59861755371094,2.801337843073304
2021-12-13,171.96824645996094,-2.067425782916299
2021-12-14,170.58851623535156,-0.8023168538446535
2021-12-15,175.4518585205078,2.850920092678777
2021-12-16,168.56289672851562,-3.92641140999197
2021-12-17,167.46697998046875,-0.6501530107256848
2021-12-20,166.1067657470703,-0.812228317222341
2021-12-21,169.27725219726562,1.908703980801718
2021-12-22,171.87037658691406,1.531880011040454
2021-12-23,172.4966583251953,0.3643919043631927
2021-12-27,176.459716796875,2.2974697076209027
2021-12-28,175.4420166015625,-0.5767323068323837
2021-12-29,175.5301055908203,0.05020974505660636
2021-12-30,174.37542724609375,-0.6578235345099381
2021-12-31,173.7589874267578,-0.35351300872569213
2022-01-03,178.10366821289062,2.5004063677363186
2022-01-04,175.84324645996094,-1.269160694785787
2022-01-05,171.1658477783203,-2.6599819872557107
2022-01-06,168.3085174560547,-1.6693343674295313
2022-01-07,168.474853515625,0.09882807007299821
2022-01-10,168.49441528320312,0.01161109042087105
2022-01-11,171.32240295410156,1.6783865899324901
2022-01-12,171.7627410888672,0.257023090484898
2022-01-13,168.49441528320312,-1.902814187142654
2022-01-14,169.3555450439453,0.5110731766953869
2022-01-18,166.1557159423828,-1.889415017814855
2022-01-19,162.662353515625,-2.102462985967446
2022-01-20,160.979248046875,-1.0347234208610723
2022-01-21,158.92431640625,-1.2765195921567662
2022-01-24,158.15130615234375,-0.48640149687996237
2022-01-25,156.3507537841797,-1.1384998404184055
2022-01-26,156.26272583007812,-0.05630158599879698
2022-01-27,155.80276489257812,-0.2943510264886595
2022-01-28,166.67431640625,6.977765459533103
2022-01-31,171.02882385253906,2.612584554224573
2022-02-01,170.86248779296875,-0.09725615590605585
2022-02-02,172.0660858154297,0.7044249665375979
2022-02-03,169.18914794921875,-1.6719958802904
2022-02-04,168.90504455566406,-0.16792057705732333
2022-02-07,168.18978881835938,-0.42346617840000045
2022-02-08,171.2957305908203,1.8466886689626927
2022-02-09,172.7164306640625,0.8293844034185982
2022-02-10,168.64048767089844,-2.3599046005599034
2022-02-11,165.23086547851562,-2.021828944800419
2022-02-14,165.46603393554688,0.1423271955576677
2022-02-15,169.29696655273438,2.3152380739842604
2022-02-16,169.06182861328125,-0.13889081667619596
2022-02-17,165.46603393554688,-2.1269110284850568
2022-02-18,163.91793823242188,-0.935597274137856
2022-02-22,160.99822998046875,-1.7812011811747075
2022-02-23,156.83413696289062,-2.5864216135067397
2022-02-24,159.45013427734375,1.6680024930236348
2022-02-25,161.51751708984375,1.2965701295077237
2022-02-28,161.78201293945312,0.1637567580129673
2022-03-01,159.9008331298828,-1.1627867495222377
2022-03-02,163.19290161132812,2.0588188422828724
2022-03-03,162.86959838867188,-0.19811108171007286
2022-03-04,159.87142944335938,-1.8408401414226283
2022-03-07,156.0796661376953,-2.371757930023033
2022-03-08,154.25726318359375,-1.1676107459723917
2022-03-09,159.65589904785156,3.499761212431518
2022-03-10,155.31544494628906,-2.718630584555848
2022-03-11,151.60206604003906,-2.3908626135244693
2022-03-14,147.5751495361328,-2.656241177374663
2022-03-15,151.9547882080078,2.967734530943278
2022-03-16,156.3638153076172,2.901538774529411
2022-03-17,157.3729705810547,0.6453892618648149
2022-03-18,160.66506958007812,2.0919087864124997
2022-03-21,162.03680419921875,0.8537852208484686
2022-03-22,165.4072265625,2.080035075943254
2022-03-23,166.7691192626953,0.8233574363697649
2022-03-24,170.55111694335938,2.2678045536156155
2022-03-25,171.18795776367188,0.3734017294791503
2022-03-28,172.0502166748047,0.50369133576742
2022-03-29,175.34228515625,1.9134346617346587
2022-03-30,174.17630004882812,-0.6649765664813012
2022-03-31,171.08016967773438,-1.7775841892529565
2022-04-01,170.78622436523438,-0.17181729072031082
2022-04-04,174.83277893066406,2.3693682441131347
2022-04-05,171.52110290527344,-1.8941962975398297
2022-04-06,168.3563690185547,-1.8450988438819427
2022-04-07,168.66009521484375,0.18040671586092571
2022-04-08,166.65155029296875,-1.1908833084177117
2022-04-11,162.3992919921875,-2.551586404870465
2022-04-12,164.27064514160156,1.1523160762942686
2022-04-13,166.9552764892578,1.6342733330974024
2022-04-14,161.94857788085938,-2.9988262208176297
2022-04-18,161.73301696777344,-0.1331045421371413
2022-04-19,164.01593017578125,1.4115319498817724
2022-04-20,163.849365234375,-0.10155412418033638
2022-04-21,163.0557098388672,-0.48438112309592274
2022-04-22,158.5193634033203,-2.7820837675845422
2022-04-25,159.5872802734375,0.6736822853622648
2022-04-26,153.63021850585938,-3.73279233618824
2022-04-27,153.4049072265625,-0.14665817798618086
2022-04-28,160.3319549560547,4.515532035270353
2022-04-29,154.4630126953125,-3.660494417566851
2022-05-02,154.7667694091797,0.19665336611449646
2022-05-03,156.25607299804688,0.9622889943058155
2022-05-04,162.663818359375,4.100797644779042
2022-05-05,153.60081481933594,-5.5716161291726625
2022-05-06,154.32691955566406,0.4727219300119989
2022-05-09,149.20492553710938,-3.3189245488096764
2022-05-10,151.60891723632812,1.611201299531384
2022-05-11,143.7493438720703,-5.184110214312987
2022-05-12,139.88331604003906,-2.6894229412774417
2022-05-13,144.34783935546875,3.1916052906207915
2022-05-16,142.80735778808594,-1.0672009877399358
2022-05-17,146.43788146972656,2.542252540676526
2022-05-18,138.1759796142578,-5.6419157205417125
2022-05-19,134.77113342285156,-2.4641375446813996
2022-05-20,135.00662231445312,0.17473244130306043
2022-05-23,140.42298889160156,4.011926588706749
2022-05-24,137.72462463378906,-1.9215972250067104
2022-05-25,137.88160705566406,0.11398282790200387
2022-05-26,141.08041381835938,2.3199662601872006
2022-05-27,146.83035278320312,4.075646511957909
2022-05-31,146.04539489746094,-0.5346019204225394
2022-06-01,145.91781616210938,-0.0873555345179744
2022-06-02,148.37091064453125,1.6811480235535914
2022-06-03,142.6503448486328,-3.8555844747787726
2022-06-06,143.39608764648438,0.5227767227922842
2022-06-07,145.91781616210938,1.7585755350884025
2022-06-08,145.1819610595703,-0.5042942129298011
2022-06-09,139.96180725097656,-3.5955939501683964
2022-06-10,134.55528259277344,-3.8628571353814145
2022-06-13,129.40383911132812,-3.8284959030824295
2022-06-14,130.26731872558594,0.6672751134647159
2022-06-15,132.88717651367188,2.0111397192451586
2022-06-16,127.61799621582031,-3.965153324865367
2022-06-17,129.08981323242188,1.153298954884474
2022-06-21,133.31893920898438,3.2761113140260756
2022-06-22,132.8086700439453,-0.38274319317767036
2022-06-23,135.67385864257812,2.15738068733371
2022-06-24,139.00021362304688,2.451728736654979
2022-06-27,139.00021362304688,0.0
2022-06-28,134.85943603515625,-2.9789721036831973
2022-06-29,136.61581420898438,1.3023769233101667
2022-06-30,134.15298461914062,-1.8027412156518707
2022-07-01,136.32144165039062,1.6164061033798305
2022-07-05,138.90208435058594,1.8930570781474199
2022-07-06,140.23651123046875,0.9606960803516529
2022-07-07,143.60214233398438,2.399967792969737
2022-07-08,144.27915954589844,0.47145342047856253
2022-07-11,142.14993286132812,-1.475768705107372
2022-07-12,143.12135314941406,0.6833772401662719
2022-07-13,142.75831604003906,-0.25365684531782895
2022-07-14,145.68235778808594,2.0482461751837766
2022-07-15,147.35040283203125,1.1449876768000244
2022-07-18,144.30865478515625,-2.064295711727626
2022-07-19,148.1648406982422,2.672179238886918
2022-07-20,150.16653442382812,1.3509910422423665
2022-07-21,152.43316650390625,1.5094122593791948
2022-07-22,151.19683837890625,-0.8110624172911307
2022-07-25,150.0782470703125,-0.739824536403666
2022-07-26,148.7535858154297,-0.8826470729380254
2022-07-27,153.8461151123047,3.4234665799543817
2022-07-28,154.3956298828125,0.3571846907584719
2022-07-29,159.45870971679688,3.2792896002479477
2022-08-01,158.4774932861328,-0.615342010735398
2022-08-02,157.0056610107422,-0.9287326830272447
2022-08-03,163.0107421875,3.824754558593235
2022-08-04,162.6967315673828,-0.19263185720361786
2022-08-05,162.47076416015625,-0.1388887195517996
2022-08-08,161.99911499023438,-0.29029787134929874
2022-08-09,162.04824829101562,0.030329363703129886
2022-08-10,166.2930145263672,2.6194459243573887
2022-08-11,165.55615234375,-0.44311072519546135
2022-08-12,169.10324096679688,2.1425290288710874
2022-08-15,170.1742401123047,0.6333404016296118
2022-08-16,170.0170135498047,-0.09239151730381367
2022-08-17,171.51055908203125,0.8784682785814457
2022-08-18,171.11752319335938,-0.22916133605738187
2022-08-19,168.5333251953125,-1.5101889916480316
2022-08-22,164.65213012695312,-2.3029244001810723
2022-08-23,164.31802368164062,-0.20291656418589543
2022-08-24,164.61279296875,0.17938950366180872
2022-08-25,167.0692596435547,1.4922696046297146
2022-08-26,160.77088928222656,-3.7699157671290395
2022-08-29,158.56991577148438,-1.3690124627465772
2022-08-30,156.14292907714844,-1.5305467512724658
2022-08-31,154.48233032226562,-1.0635119788628633
2022-09-01,155.20945739746094,0.4706862420306823
2022-09-02,153.09686279296875,-1.3611249210686016
2022-09-06,151.8391571044922,-0.8215097720045028
2022-09-07,153.24427795410156,0.9254008494280486
2022-09-08,151.77040100097656,-0.961782699362157
2022-09-09,154.62974548339844,1.8839934951502713
2022-09-12,160.58419799804688,3.8507807770321367
2022-09-13,151.1611785888672,-5.867961808604793
2022-09-14,152.6055908203125,0.9555444360313414
2022-09-15,149.71681213378906,-1.892970415431805
2022-09-16,148.0758819580078,-1.0960226526296135
2022-09-19,151.7900390625,2.508279576241512
2022-09-20,154.1679229736328,1.5665612353875868
2022-09-21,151.04327392578125,-2.026782866099819
2022-09-22,150.0803680419922,-0.6375033185934575
2022-09-23,147.810546875,-1.5124037851220407
2022-09-26,148.14466857910156,0.22604726872712533
2022-09-27,149.11740112304688,0.6566098890193439
2022-09-28,147.23081970214844,-1.2651651696515942
2022-09-29,139.99899291992188,-4.911897384567121
2022-09-30,135.7935028076172,-3.003943117440988
2022-10-03,139.96949768066406,3.0752538131100016
2022-10-04,143.5559539794922,2.5623127597489193
2022-10-05,143.85073852539062,0.205344701997201
2022-10-06,142.8976287841797,-0.6625685422134375
2022-10-07,137.65060424804688,-3.671876560007492
2022-10-10,137.974853515625,0.23555963982100359
2022-10-11,136.55996704101562,-1.0254669155703389
2022-10-12,135.9310760498047,-0.46052368409114086
2022-10-13,140.50013732910156,3.3613073714084285
2022-10-14,135.9704132080078,-3.223999781924425
2022-10-17,139.9302215576172,2.9122573478920444
2022-10-18,141.24688720703125,0.9409444469949069
2022-10-19,141.35498046875,0.07652788946796996
2022-10-20,140.89315795898438,-0.3267111694502445
2022-10-21,144.70559692382812,2.705907809911956
2022-10-24,146.84764099121094,1.4802772753222282
2022-10-25,149.68731689453125,1.9337565684764968
2022-10-26,146.7493896484375,-1.9627095381526516
2022-10-27,142.27859497070312,-3.046550781877122
2022-10-28,153.02809143066406,7.555245019234547
2022-10-31,150.66989135742188,-1.5410242989998157
2022-11-01,148.02671813964844,-1.7542809608213306
2022-11-02,142.50460815429688,-3.7304819391739796
2022-11-03,136.46170043945312,-4.24049986390671
2022-11-04,136.1959686279297,-0.19472995768606838
2022-11-07,136.72740173339844,0.39019738309622465
2022-11-08,137.2982940673828,0.41754054179830025
2022-11-09,132.74136352539062,-3.3190001179153383
2022-11-10,144.5519561767578,8.89744713908116
2022-11-11,147.3372802734375,1.926867107404484
2022-11-14,145.939697265625,-0.9485603407493159
2022-11-15,147.67193603515625,1.1869551616092489
2022-11-16,146.441650390625,-0.8331208200848317
2022-11-17,148.34120178222656,1.2971387488017294
2022-11-18,148.90216064453125,0.37815445443687423
2022-11-21,145.6739501953125,-2.1680077946789056
2022-11-22,147.80970764160156,1.4661217351664702
2022-11-23,148.68565368652344,0.5926173990180805
2022-11-25,145.7723846435547,-1.9593477721198571
2022-11-28,141.94378662109375,-2.6264220289890283
2022-11-29,138.94192504882812,-2.1148242157853825
2022-11-30,145.6936492919922,4.85938584828971
2022-12-01,145.96922302246094,0.18914601412478582
2022-12-02,145.4771270751953,-0.3371230846312745
2022-12-05,144.3157196044922,-0.798343694334025
2022-12-06,140.65444946289062,-2.536986373789041
2022-12-07,138.71551513671875,-1.3785090578904424
2022-12-08,140.3985595703125,1.2133065518553865
2022-12-09,139.91629028320312,-0.34350016737020317
2022-12-12,142.2095184326172,1.639000108402211
2022-12-13,143.17408752441406,0.6782732284223991
2022-12-14,140.94970703125,-1.5536194653831936
2022-12-15,134.34561157226562,-4.685426878908072
2022-12-16,132.3870391845703,-1.4578610828994476
2022-12-19,130.28079223632812,-1.590976700752189
2022-12-20,130.2119140625,-0.052869016718271045
2022-12-21,133.3121795654297,2.380938430443158
2022-12-22,130.14300537109375,-2.3772578054509275
2022-12-23,129.77882385253906,-0.2798318031124625
2022-12-27,127.97772216796875,-1.3878240155857813
2022-12-28,124.05071258544922,-3.068510296944804
2022-12-29,127.56437683105469,2.8324418073658153
2022-12-30,127.87931823730469,0.24688820976024317
2023-01-03,123.09600830078125,-3.7404875178072894
2023-01-04,124.36566162109375,1.0314333810160115
2023-01-05,123.04681396484375,-1.0604596470271233
2023-01-06,127.57420349121094,3.679404106847284
2023-01-09,128.0958251953125,0.4088771004065128
2023-01-10,128.66668701171875,0.4456521635547661
2023-01-11,131.38316345214844,2.111250785669383
2023-01-12,131.3043975830078,-0.059951265497815154
2023-01-13,132.63307189941406,1.0119038972524086
2023-01-17,133.79443359375,0.8756199925887831
2023-01-18,133.07595825195312,-0.5369994270303047
2023-01-19,133.1350555419922,0.04440869020621019
2023-01-20,135.6940155029297,1.9220782614466136
2023-01-23,138.88284301757812,2.3500133759248865
2023-01-24,140.28042602539062,1.0063035702945866
2023-01-25,139.6210479736328,-0.4700428067123674
2023-01-26,141.68789672851562,1.480327489930544
2023-01-27,143.6267852783203,1.368422140897274
2023-01-30,140.74302673339844,-2.0078138902390075
2023-01-31,142.01266479492188,0.9020966018646437
2023-02-01,143.13467407226562,0.7900769124810303
2023-02-02,148.43959045410156,3.706241283756029
2023-02-03,152.06150817871094,2.439994420308844
2023-02-06,149.3352813720703,-1.7928447766259237
2023-02-07,152.2091827392578,1.9244624182460646
2023-02-08,149.52223205566406,-1.7653013012996932
2023-02-09,148.4888153076172,-0.691145881009958
2023-02-10,148.85353088378906,0.2456182140158525
2023-02-13,151.6529998779297,1.8806869931262682
2023-02-14,151.01226806640625,-0.42249860671347284
2023-02-15,153.1118621826172,1.3903467202331266
2023-02-16,151.51499938964844,-1.0429386529596019
2023-02-17,150.37155151367188,-0.7546763558609615
2023-02-21,146.3596649169922,-2.667982445013828
2023-02-22,146.7835235595703,0.2896007194458372
2023-02-23,147.2665252685547,0.329057170226843
2023-02-24,144.61495971679688,-1.800521569258473
2023-02-27,145.80764770507812,0.8247334788993532
2023-02-28,145.30496215820312,-0.34475938319213917
2023-03-01,143.23492431640625,-1.424616070264062
2023-03-02,143.82638549804688,0.41293084383113854
2023-03-03,148.8732452392578,3.5089943501913856
2023-03-06,151.63330078125,1.8539634422265916
2023-03-07,149.43511962890625,-1.4496691300777687
2023-03-08,150.68698120117188,0.837729159901901
2023-03-09,148.4395294189453,-1.4914704404530799
2023-03-10,146.37937927246094,-1.387871650192285
2023-03-13,148.32122802734375,1.3265862750164947
2023-03-14,150.41098022460938,1.408936687660356
2023-03-15,150.80526733398438,0.2621398443027223
2023-03-16,153.62445068359375,1.8694196823813902
2023-03-17,152.7865753173828,-0.5454049550592921
2023-03-20,155.15228271484375,1.5483738623937704
2023-03-21,157.0054473876953,1.1944166340481788
2023-03-22,155.57615661621094,-0.9103447015790578
2023-03-23,156.660400390625,0.696921557902197
2023-03-24,157.9615936279297,0.8305820960882393
2023-03-27,156.0197296142578,-1.2293266793989344
2023-03-28,155.39869689941406,-0.3980475523058469
2023-03-29,158.47413635253906,1.979063862495356
2023-03-30,160.0414581298828,0.9890079311472677
2023-03-31,162.54518127441406,1.5644216028695146
2023-04-03,163.7970733642578,0.7701809921576652
2023-04-04,163.26475524902344,-0.324986340904021
2023-04-05,161.42144775390625,-1.1290296502179165
2023-04-06,162.30860900878906,0.54959317192802
2023-04-10,159.71617126464844,-1.5972275038104944
2023-04-11,158.5037384033203,-0.7591171587247314
2023-04-12,157.81375122070312,-0.43531287625625525
2023-04-13,163.19573974609375,3.4103419275953284
2023-04-14,162.85076904296875,-0.21138462539630476
2023-04-17,162.8704833984375,0.01210577977899252
2023-04-18,164.0927734375,0.7504674963555891
2023-04-19,165.2362060546875,0.6968208247287722
2023-04-20,164.27020263671875,-0.5846197035346057
2023-04-21,162.66348266601562,-0.9780958109952276
2023-04-24,162.96905517578125,0.18785562976850745
2023-04-25,161.43133544921875,-0.9435654670169713
2023-04-26,161.42144775390625,-0.006125016115976489
2023-04-27,166.0050506591797,2.839525335109938
2023-04-28,167.2569122314453,0.7541105329595066
2023-05-01,167.16819763183594,-0.053040916770374924
2023-05-02,166.13320922851562,-0.6191299648990234
2023-05-03,165.05877685546875,-0.6467294396083068
2023-05-04,163.42245483398438,-0.9913571714621372
2023-05-05,171.09140014648438,4.692712100237784
2023-05-08,171.0223846435547,-0.040338382215932
2023-05-09,169.3170928955078,-0.9971161094502579
2023-05-10,171.08154296875,1.0420980203877495
2023-05-11,171.26882934570312,0.10947199429183208
2023-05-12,170.3409423828125,-0.5417722339992714
2023-05-15,169.847412109375,-0.28973085773376095
2023-05-16,169.847412109375,0.0
2023-05-17,170.45944213867188,0.3603410977511601
2023-05-18,172.7888946533203,1.366572884096029
2023-05-19,172.89749145507812,0.06284941053398274
2023-05-22,171.9498748779297,-0.5480800034595279
2023-05-23,169.343994140625,-1.5154885917507355
2023-05-24,169.62037658691406,0.16320770493907233
2023-05-25,170.75550842285156,0.6692190282668431
2023-05-26,173.16400146484375,1.4104921499972445
2023-05-30,175.00985717773438,1.065958107502718
2023-05-31,174.9604949951172,-0.02820537277912205
2023-06-01,177.7637939453125,1.6022468102148135
2023-06-02,178.61268615722656,0.4775394320033488
2023-06-05,177.2604217529297,-0.7570931457279162
2023-06-06,176.89517211914062,-0.20605255825135727
2023-06-07,175.52316284179688,-0.7756058353134088
2023-06-08,178.23760986328125,1.54648935077073
2023-06-09,178.62254333496094,0.21596646856685275
2023-06-12,181.416015625,1.5638968284090726
2023-06-13,180.94223022460938,-0.26115963287937083
2023-06-14,181.5739288330078,0.3491161834439094
2023-06-15,183.6073455810547,1.1198836535155854
2023-06-16,182.5314178466797,-0.5859938397181574
2023-06-20,182.6202392578125,0.04866088927628631
2023-06-21,181.5838165283203,-0.5675289517220627
2023-06-22,184.58456420898438,1.6525413652136
2023-06-23,184.26869201660156,-0.1711260059780395
2023-06-26,182.8769073486328,-0.7553017567647147
2023-06-27,185.630859375,1.5059047455986851
2023-06-28,186.80551147460938,0.6327892375030286
2023-06-29,187.14108276367188,0.1796367175751712
2023-06-30,191.46453857421875,2.310265467474437
2023-07-03,189.97402954101562,-0.7784778551174654
2023-07-05,188.85862731933594,-0.5871340542570658
2023-07-06,189.33242797851562,0.2508758354885954
2023-07-07,188.21702575683594,-0.5891237088061052
2023-07-10,186.17376708984375,-1.0855865237356044
2023-07-11,185.65061950683594,-0.2809996226564748
2023-07-12,187.3188018798828,0.8985600896340928
2023-07-13,188.0788116455078,0.4057306356851198
2023-07-14,188.2268829345703,0.07872832020099363
2023-07-17,191.48428344726562,1.7305713519293775
2023-07-18,191.22760009765625,-0.13404930419789185
2023-07-19,192.57994079589844,0.7071890760285582
2023-07-20,190.6353759765625,-1.0097442191016381
2023-07-21,189.4607696533203,-0.6161533856059331
2023-07-24,190.26028442382812,0.42199489211975916
2023-07-25,191.11903381347656,0.4513550435651936
2023-07-26,191.98764038085938,0.45448459530752494
2023-07-27,190.72421264648438,-0.658077640763044
2023-07-28,193.30050659179688,1.3507954284167178
2023-07-31,193.91250610351562,0.3166052290856758
2023-08-01,193.08334350585938,-0.42759624653276873
2023-08-02,190.0924530029297,-1.5490152846037275
2023-08-03,188.70068359375,-0.7321539530863119
2023-08-04,179.63926696777344,-4.802005193306402
2023-08-07,176.5398406982422,-1.725361231899969
2023-08-08,177.47755432128906,0.5311626085862997
2023-08-09,175.8883514404297,-0.8954387989719703
2023-08-10,175.67120361328125,-0.12345776475253256
2023-08-11,175.73049926757812,0.03375377015542025
2023-08-14,177.3811492919922,0.9393076508026565
2023-08-15,175.39443969726562,-1.1200229577136067
2023-08-16,174.52464294433594,-0.4959089663452154
2023-08-17,171.98439025878906,-1.4555266480946627
2023-08-18,172.46873474121094,0.2816211876514263
2023-08-21,173.80308532714844,0.7736767988352655
2023-08-22,175.17698669433594,0.7904930827904444
2023-08-23,179.0219268798828,2.194888871022682
2023-08-24,174.33682250976562,-2.6170561627686606
2023-08-25,176.54100036621094,1.264321458148543
2023-08-28,178.1027069091797,0.8846140781626932
2023-08-29,181.98716735839844,2.1810226900142338
2023-08-30,185.47630310058594,1.9172427335583109
2023-08-31,185.69375610351562,0.11724031549829039
2023-09-01,187.26535034179688,0.8463366088653723
2023-09-05,187.50254821777344,0.12666404945902432
2023-09-06,180.79119873046875,-3.579337748258138
2023-09-07,175.50318908691406,-2.9249264791027074
2023-09-08,176.11598205566406,0.349163437962674
2023-09-11,177.2823028564453,0.6622458604651937
2023-09-12,174.25778198242188,-1.7060478261457068
2023-09-13,172.1919708251953,-1.185491479189693
2023-09-14,173.70423889160156,0.8782454020120678
2023-09-15,172.98268127441406,-0.4153943633107171
2023-09-18,175.90843200683594,1.6913547130076978
2023-09-19,176.99566650390625,0.618068437462993
2023-09-20,173.4571533203125,-1.9992089374208821
2023-09-21,171.9152069091797,-0.8889494504071505
2023-09-22,172.76524353027344,0.4944510938714286
2023-09-25,174.04029846191406,0.7380274559779743
2023-09-26,169.96804809570312,-2.3398318677912866
2023-09-27,168.45574951171875,-0.8897546338432094
2023-09-28,168.71275329589844,0.15256456661445483
2023-09-29,169.2267303466797,0.3046462349409973
2023-10-02,171.73731994628906,1.4835656249258866
2023-10-03,170.4029083251953,-0.7770073630536944
2023-10-04,171.6483612060547,0.7308871034539921
2023-10-05,172.88388061523438,0.7197967988150644
2023-10-06,175.43397521972656,1.4750331814725959
2023-10-09,176.91661071777344,0.8451244955202775
2023-10-10,176.3235626220703,-0.33521334898800603
2023-10-11,177.7172088623047,0.7903913802045359
2023-10-12,178.61668395996094,0.5061271800375744
2023-10-13,176.77822875976562,-1.0292740630026609
2023-10-16,176.6497344970703,-0.07268670106992392
2023-10-17,175.09791564941406,-0.8784722219222996
2023-10-18,173.80308532714844,-0.7394892837320644
2023-10-19,173.42747497558594,-0.21611259135906336
2023-10-20,170.8773956298828,-1.4704010111789456
2023-10-23,170.99598693847656,0.06940140219049429
2023-10-24,171.43089294433594,0.254336966408375
2023-10-25,169.11802673339844,-1.3491536859044917
2023-10-26,164.95677185058594,-2.4605625805771747
2023-10-27,166.27137756347656,0.7969395243023758
2023-10-30,168.31736755371094,1.230512443101217
2023-10-31,168.7918243408203,0.2818822525595621
2023-11-01,171.95477294921875,1.8738754798999668
2023-11-02,175.5130615234375,2.0693165494566346
2023-11-03,174.6037139892578,-0.5181081831099221
2023-11-06,177.15383911132812,1.460521694416661
2023-11-07,179.7138214111328,1.4450617117001574
2023-11-08,180.77142333984375,0.5884922597530595
2023-11-09,180.29698181152344,-0.26245383233409747
2023-11-10,184.48348999023438,2.3220068004728756
2023-11-13,182.8999481201172,-0.8583650874129822
2023-11-14,185.51278686523438,1.4285617748788226
2023-11-15,186.07691955566406,0.3040936961609564
2023-11-16,187.7594757080078,0.9042261428024334
2023-11-17,187.73965454101562,-0.010556679985096462
2023-11-20,189.48155212402344,0.9278261362877238
2023-11-21,188.67991638183594,-0.42306796265991764
2023-11-22,189.343017578125,0.3514423840145886
2023-11-24,188.0167694091797,-0.7004473605149331
2023-11-27,187.83860778808594,-0.0947583673805319
2023-11-28,188.4423370361328,0.32140849804849214
2023-11-29,187.42294311523438,-0.540958012372228
2023-11-30,187.9969940185547,0.3062863562906415
2023-12-01,189.2737579345703,0.6791406015191903
2023-12-04,187.48231506347656,-0.9464824340376987
2023-12-05,191.4313201904297,2.106334736487603
2023-12-06,190.34263610839844,-0.5687073990547908
2023-12-07,192.27259826660156,1.0139410684130823
2023-12-08,193.69778442382812,0.7412320684668794
2023-12-11,191.19378662109375,-1.2927343542842973
2023-12-12,192.70806884765625,0.792014350112491
2023-12-13,195.92465209960938,1.6691481945657172
2023-12-14,196.07310485839844,0.07577033170567127
2023-12-15,195.5386505126953,-0.2725791209809758
2023-12-18,193.87591552734375,-0.8503357167454761
2023-12-19,194.9151153564453,0.5360128545492282
2023-12-20,192.8268280029297,-1.0713829708366762
2023-12-21,192.6783447265625,-0.0770034325124791
2023-12-22,191.60948181152344,-0.5547395149963164
2023-12-26,191.06512451171875,-0.28409726630341803
2023-12-27,191.16409301757812,0.051798310189932195
2023-12-28,191.5896759033203,0.2226270001987496
2023-12-29,190.55047607421875,-0.5424090960026273
2024-01-02,183.73130798339844,-3.5786675695127945
2024-01-03,182.3555908203125,-0.7487657809578385
2024-01-04,180.0396728515625,-1.2700010777470627
2024-01-05,179.31715393066406,-0.4013109496672662
2024-01-08,183.65211486816406,2.417482567884277
2024-01-09,183.23641967773438,-0.22634925316710186
2024-01-10,184.27566528320312,0.5671610519876635
2024-01-11,183.68182373046875,-0.3222571747722225
2024-01-12,184.00843811035156,0.17781529671769825
2024-01-16,181.7419891357422,-1.2317092617514458
2024-01-17,180.8017578125,-0.5173440258431028
2024-01-18,186.69056701660156,3.257053070362592
2024-01-19,189.59043884277344,1.553303882736623
2024-01-22,191.89649963378906,1.216338126063432
2024-01-23,193.1732177734375,0.6653160125822399
2024-01-24,192.5001983642578,-0.34840202846806445
2024-01-25,192.17361450195312,-0.16965377962193662
2024-01-26,190.44158935546875,-0.9012814537381675
2024-01-29,189.75868225097656,-0.3585913700906551
2024-01-30,186.10662841796875,-1.9245779901536086
2024-01-31,182.50404357910156,-1.935763851879746
2024-02-01,184.9387664794922,1.3340651815943794
2024-02-02,183.9391326904297,-0.5405214969752437
2024-02-05,185.7503204345703,0.9846668936886127
2024-02-06,187.35366821289062,0.8631736271405677
2024-02-07,187.4625701904297,0.05812641864866297
2024-02-08,186.38375854492188,-0.5754810917250941
2024-02-09,187.14682006835938,0.40940344233566517
2024-02-12,185.46214294433594,-0.9001900878722213
2024-02-13,183.37115478515625,-1.1274474272667478
2024-02-14,182.4891815185547,-0.4809771022246667
2024-02-15,182.20179748535156,-0.15748003843937264
2024-02-16,180.665771484375,-0.8430355914024745
2024-02-20,179.9225311279297,-0.41138968955699573
2024-02-21,180.6757354736328,0.4186270285224003
2024-02-22,182.7071990966797,1.12436992035565
2024-02-23,180.87388610839844,-1.003415846417277
2024-02-26,179.5261688232422,-0.7451143524104697
2024-02-27,180.98289489746094,0.8114282635045988
2024-02-28,179.78379821777344,-0.6625469663124051
2024-02-29,179.11984252929688,-0.3693078548003048
2024-03-01,178.03970336914062,-0.6030259656908621
2024-03-04,173.5208282470703,-2.538127752718755
2024-03-05,168.5857391357422,-2.8440903384239435
2024-03-06,167.59475708007812,-0.5878208090105086
2024-03-07,167.47581481933594,-0.07097015611613466
2024-03-08,169.1902313232422,1.0236800494182852
2024-03-11,171.1920166015625,1.1831565349041062
2024-03-12,171.6676483154297,0.27783521878488315
2024-03-13,169.5866241455078,-1.2122401572706942
2024-03-14,171.4397430419922,1.0927270389522903
2024-03-15,171.0631866455078,-0.21964358427213337
2024-03-18,172.15325927734375,0.6372339094178558
2024-03-19,174.4919891357422,1.3585161664762202
2024-03-20,177.05862426757812,1.470918604658289
2024-03-21,169.82444763183594,-4.0857521996836565
2024-03-22,170.72625732421875,0.5310246580856548
2024-03-25,169.3091278076172,-0.8300594992311949
2024-03-26,168.179443359375,-0.6672318633203389
2024-03-27,171.74696350097656,2.121258145669014
2024-03-28,169.93345642089844,-1.0559179872008717
2024-04-01,168.49652099609375,-0.8455871227885936
2024-04-02,167.3172607421875,-0.6998721676476527
2024-04-03,168.11996459960938,0.479749581042177
2024-04-04,167.29747009277344,-0.489230716170308
2024-04-05,168.05059814453125,0.4501730070037402
2024-04-08,166.93080139160156,-0.6663449968601798
2024-04-09,168.13978576660156,0.7242428389017563
2024-04-10,166.26683044433594,-1.1139275060487508
2024-04-11,173.46133422851562,4.327083017672795
2024-04-12,174.95773315429688,0.8626700194810599
2024-04-15,171.13253784179688,-2.186353951629294
2024-04-16,167.85240173339844,-1.9167226465318654
2024-04-17,166.48484802246094,-0.8147358612774602
2024-04-18,165.5335235595703,-0.5714180444590822
2024-04-19,163.51190185546875,-1.2212763074387456
2024-04-22,164.34432983398438,0.5090932030448858
2024-04-23,165.39476013183594,0.6391643075928988
2024-04-24,167.4956512451172,1.2702283383141166
2024-04-25,168.35780334472656,0.5147310352241252
2024-04-26,167.77313232421875,-0.3472788364378032
2024-04-29,171.93524169921875,2.4807961306681614
2024-04-30,168.79385375976562,-1.827076234288616
2024-05-01,167.77313232421875,-0.6047148120686963
2024-05-02,171.46949768066406,2.2031926716979733
2024-05-03,181.7261505126953,5.981619454634846
2024-05-06,180.07122802734375,-0.9106683219132772
2024-05-07,180.7549591064453,0.3797003477966632
2024-05-08,181.0919189453125,0.18641803275158964
2024-05-09,182.90542602539062,1.001429048098923
2024-05-10,181.64515686035156,-0.6890277628308961
2024-05-13,184.85035705566406,1.7645393087890815
2024-05-14,185.9915313720703,0.617350344669676
2024-05-15,188.26397705078125,1.2218006174512297
2024-05-16,188.38302612304688,0.06323518398505534
2024-05-17,188.41281127929688,0.01581095540452715
2024-05-20,189.57382202148438,0.6162058377582769
2024-05-21,190.873779296875,0.6857261522338787
2024-05-22,189.43490600585938,-0.7538349669168998
2024-05-23,185.4457550048828,-2.1058162326499485
2024-05-24,188.52194213867188,1.658806983049077
2024-05-28,188.5319061279297,0.005285320713754871
2024-05-29,188.82958984375,0.15789566972197466
2024-05-30,189.8218994140625,0.5255053358605544
2024-05-31,190.77456665039062,0.5018742512159058
2024-06-03,192.54087829589844,0.9258632723012417
2024-06-04,192.85842895507812,0.1649263584908356
2024-06-05,194.36676025390625,0.7820924949976993
2024-06-06,192.9874267578125,-0.7096550327287954
2024-06-07,195.3789520263672,1.2392129936816598
2024-06-10,191.63784790039062,-1.914793833816697
2024-06-11,205.56019592285156,7.264926096277957
2024-06-12,211.4347686767578,2.8578357437015756
2024-06-13,212.5957794189453,0.5491106072353036
2024-06-14,210.85922241210938,-0.8168351279513653
2024-06-17,215.0071258544922,1.9671434784465092
2024-06-18,212.6453857421875,-1.0984473667644878
2024-06-20,208.07078552246094,-2.151281206389699
2024-06-21,205.89759826660156,-1.0444461246217451
2024-06-24,206.54261779785156,0.31327200350088624
2024-06-25,207.46548461914062,0.44681665756376443
2024-06-26,211.61338806152344,1.9993221764080138
2024-06-27,212.4568634033203,0.39859261718906414
2024-06-28,209.0035400390625,-1.6254233019067699
2024-07-01,215.0865020751953,2.910458853948561
2024-07-02,218.5795135498047,1.624003106149452
2024-07-03,219.84967041015625,0.581096023009553
2024-07-05,224.6029052734375,2.162038657785348
2024-07-08,226.0715789794922,0.653897911189838
2024-07-09,226.92494201660156,0.3774747099841269
2024-07-10,231.1919403076172,1.8803566734869825
2024-07-11,225.82347106933594,-2.3220832141198855
2024-07-12,228.77069091796875,1.3050989937746227
2024-07-15,232.60105895996094,1.6743263862264879
2024-07-16,233.01785278320312,0.1791882741659867
2024-07-17,227.12342834472656,-2.529602074722004
2024-07-18,222.45948791503906,-2.053482753266911
2024-07-19,222.5885009765625,0.057993957790958284
2024-07-22,222.2412109375,-0.15602335140352253
2024-07-23,223.28314208984375,0.4688289574865445
2024-07-24,216.86277770996094,-2.875436237501272
2024-07-25,215.8208465576172,-0.48045642656908694
2024-07-26,216.28724670410156,0.21610523446808916
2024-07-29,216.5651092529297,0.128469224636385
2024-07-30,217.12078857421875,0.2565876484933005
2024-07-31,220.3756103515625,1.4990834358687533
2024-08-01,216.6841583251953,-1.6750728542411109
2024-08-02,218.17266845703125,0.6869492183189552
2024-08-05,207.6639404296875,-4.816702340244527
2024-08-06,205.6395721435547,-0.9748289866522319
2024-08-07,208.20973205566406,1.249837220199601
2024-08-08,211.67291259765625,1.663313480979034
2024-08-09,214.58045959472656,1.3736037178252003
2024-08-12,216.11038208007812,0.7129831338049675
2024-08-13,219.8259735107422,1.7193026058726302
2024-08-14,220.2730712890625,0.2033871481062599
2024-08-15,223.25344848632812,1.35303747290767
2024-08-16,224.57479858398438,0.5918610021995452
2024-08-19,224.41583251953125,-0.07078535323440382
2024-08-20,225.0317840576172,0.27446884258146564
2024-08-21,224.92250061035156,-0.04856356079798729
2024-08-22,223.064697265625,-0.8259748756505925
2024-08-23,225.35963439941406,1.0288213069664875
2024-08-26,225.69740295410156,0.1498797935076679
2024-08-27,226.54185485839844,0.3741522468774683
2024-08-28,225.0119171142578,-0.6753444060466962
2024-08-29,228.29039001464844,1.4570218957451253
2024-08-30,227.5055389404297,-0.34379505601106475
2024-09-03,221.31619262695312,-2.7205255495327485
2024-09-04,219.40872192382812,-0.8618757988215542
2024-09-05,220.92872619628906,0.6927729486472467
2024-09-06,219.3789520263672,-0.7014815124335327
2024-09-09,219.4683380126953,0.04074501473476655
2024-09-10,218.67355346679688,-0.36214086874456486
2024-09-11,221.20689392089844,1.1585033553159985
2024-09-12,221.31619262695312,0.04941017168016426
2024-09-13,221.04795837402344,-0.12119956056799719
2024-09-16,214.9082794189453,-2.777532531962812
2024-09-17,215.37521362304688,0.21727138915448307
2024-09-18,219.24978637695312,1.798987306258737
2024-09-19,227.37640380859375,3.7065566019155227
2024-09-20,226.71075439453125,-0.292752195440138
2024-09-23,224.99205017089844,-0.7581044085107069
2024-09-24,225.8861846923828,0.39740716207758986
2024-09-25,224.8927001953125,-0.4398164050728792
2024-09-26,226.0352020263672,0.5080208606426329
2024-09-27,226.3034210205078,0.11866248784970779
2024-09-30,231.4794464111328,2.28720598534653
2024-10-01,224.73374938964844,-2.9141667331894716
2024-10-02,225.30003356933594,0.2519800346968193
2024-10-03,224.197265625,-0.4894663914892683
2024-10-04,225.3199005126953,0.500735316537293
2024-10-07,220.2432403564453,-2.2530900043442714
2024-10-08,224.29664611816406,1.8404223235903405
2024-10-09,228.04200744628906,1.6698249362818718
2024-10-10,227.54525756835938,-0.2178326193022495
2024-10-11,226.0650177001953,-0.6505254752318335
2024-10-14,229.79054260253906,1.6479882381822186
2024-10-15,232.3238983154297,1.1024630013918735
2024-10-16,230.2673797607422,-0.8851945794639438
2024-10-17,230.63499450683594,0.15964690546950155
2024-10-18,233.4663848876953,1.2276499439791033
2024-10-21,234.9366912841797,0.6297722034765973
2024-10-22,234.3207550048828,-0.26217117297860915
2024-10-23,229.25405883789062,-2.1622908166571086
2024-10-24,229.06529235839844,-0.082339427467093
2024-10-25,229.8998260498047,0.3643213176531823
2024-10-28,231.87680053710938,0.8599286573085063
2024-10-29,232.1450653076172,0.11569280319825292
2024-10-30,228.5983428955078,-1.5278043525971952
2024-10-31,224.43572998046875,-1.820928735665328
2024-11-01,221.4552764892578,-1.3279763839163738
2024-11-04,220.56114196777344,-0.4037539929773293
2024-11-05,221.99176025390625,0.6486266226993997
2024-11-06,221.2665252685547,-0.32669455142031456
2024-11-07,225.99545288085938,2.1372087831926345
2024-11-08,225.7269287109375,-0.11881839501586278
2024-11-11,223.01173400878906,-1.2028669851905316
2024-11-12,223.01173400878906,0.0
2024-11-13,223.89691162109375,0.3969197478504993
2024-11-14,226.98007202148438,1.3770446309721018
2024-11-15,223.77757263183594,-1.4109165448433325
2024-11-18,226.7811737060547,1.3422261395069857
2024-11-19,227.03973388671875,0.11401307103171554
2024-11-20,227.75584411621094,0.31541185202828004
2024-11-21,227.27845764160156,-0.2096044896067739
2024-11-22,228.62110900878906,0.5907517065716572
2024-11-25,231.6048126220703,1.3050866677260853
2024-11-26,233.78292846679688,0.9404449847425056
2024-11-27,233.6536102294922,-0.0553155177552056
2024-11-29,236.0405731201172,1.0215818571262636
2024-12-02,238.28829956054688,0.9522627447976273
2024-12-03,241.3316650390625,1.2771778908692744
2024-12-04,241.689697265625,0.1483569205493751
2024-12-05,241.7195587158203,0.012355284703136071
2024-12-06,241.52064514160156,-0.08229105467324471
2024-12-09,245.40939331054688,1.6101100453194572
2024-12-10,246.42385864257812,0.41337673279178144
2024-12-11,245.1508331298828,-0.5165999427603096
2024-12-12,246.61282348632812,0.5963636092032987
2024-12-13,246.7819061279297,0.06856198279199255
2024-12-16,249.6761016845703,1.1727746179009957
2024-12-17,252.1028289794922,0.9719501700597988
2024-12-18,246.70236206054688,-2.142168313146786
2024-12-19,248.43287658691406,0.7014584343308705
2024-12-20,253.1073455810547,1.881582284261496
2024-12-23,253.8831024169922,0.3064932130502296
2024-12-24,256.7972106933594,1.1478149780842495
2024-12-26,257.6127014160156,0.31756214191516197
2024-12-27,254.2013702392578,-1.3242092326996358
2024-12-30,250.8297882080078,-1.326342980793782
2024-12-31,249.05946350097656,-0.705787267006408
2025-01-02,242.52516174316406,-2.6235910356350978
2025-01-03,242.03781127929688,-0.20094841309014067
2025-01-06,243.66891479492188,0.6739044230336333
2025-01-07,240.89405822753906,-1.1387815182409278
2025-01-08,241.3813934326172,0.2023027087774132
2025-01-10,235.56320190429688,-2.4103728318001005
2025-01-13,233.12649536132812,-1.0344173127510459
2025-01-14,232.01260375976562,-0.4778056650472373
2025-01-15,236.57763671875,1.9675797284319785
2025-01-16,227.01986694335938,-4.040014055408447
2025-01-17,228.73049926757812,0.7535165742324823
2025-01-21,221.43038940429688,-3.191576937337637
2025-01-22,222.61392211914062,0.5344942571016364
2025-01-23,222.44485473632812,-0.07594645528145039
2025-01-24,221.5696258544922,-0.39345881156629403
2025-01-27,228.6111602783203,3.1780233399195223
2025-01-28,236.9655303955078,3.654401695445042
2025-01-29,238.05953979492188,0.4616744880945767
2025-01-30,236.2991485595703,-0.7394751904788444
2025-01-31,234.71780395507812,-0.6692129929928736
2025-02-03,226.7711944580078,-3.385601502385893
2025-02-04,231.53518676757812,2.1007925283263784
2025-02-05,231.2069854736328,-0.14175007199868084
2025-02-06,231.95291137695312,0.3226225634110014
2025-02-07,226.393310546875,-2.3968661557530746
2025-02-10,226.662109375,0.11873090573024658
2025-02-11,231.61053466796875,2.1831726999336443
2025-02-12,235.84210205078125,1.8270185287032614
2025-02-13,240.48187255859375,1.9673207062975928
2025-02-14,243.53857421875,1.271073627144803
2025-02-18,243.40911865234375,-0.05315608290042961
2025-02-19,243.80735778808594,0.16360896335645414
2025-02-20,244.76321411132812,0.39205392811525464
2025-02-21,244.48443603515625,-0.11389704828973501
2025-02-24,246.0277099609375,0.6312360618159429
2025-02-25,245.96795654296875,-0.024287271534673138
2025-02-26,239.31695556640625,-2.7040111525261312
2025-02-27,236.27023315429688,-1.2730909119658906
2025-02-28,240.79052734375,1.9131881867239464
2025-03-03,236.9970703125,-1.5754178842070865
2025-03-04,234.9061737060547,-0.8822457609658607
2025-03-05,234.71701049804688,-0.08052713346075047
2025-03-06,234.3087921142578,-0.1739193861249655
2025-03-07,238.03256225585938,1.5892575383111174
2025-03-10,226.4928436279297,-4.847957993043717
2025-03-11,219.8816680908203,-2.9189335217892576
2025-03-12,216.03843688964844,-1.7478634005925642
2025-03-13,208.77008056640625,-3.3643810924973705
2025-03-14,212.56356811523438,1.8170647530221462
2025-03-17,213.0713653564453,0.23889194451969242
2025-03-18,211.7670440673828,-0.6121523119169581
2025-03-19,214.30596923828125,1.1989236484268861
2025-03-20,213.17091369628906,-0.5296425228035306
2025-03-21,217.3228302001953,1.9476937223347424
2025-03-24,219.7721405029297,1.1270377348197247
2025-03-25,222.77903747558594,1.3681884181385495
2025-03-26,220.56866455078125,-0.9921817374971442
2025-03-27,222.87863159179688,1.0472779738319504
2025-03-28,216.95440673828125,-2.6580497247335355
2025-03-31,221.16607666015625,1.9412695898616494
2025-04-01,222.22146606445312,0.4771931664359963
2025-04-02,222.91842651367188,0.3136332693514765
2025-04-03,202.30825805664062,-9.245610055374765
2025-04-04,187.56253051757812,-7.288742279088833
2025-04-07,180.6725616455078,-3.673424992218577
2025-04-08,171.67178344726562,-4.9818180006227735
2025-04-09,197.98709106445312,15.32884850891707
2025-04-10,189.59365844726562,-4.239383776013506
2025-04-11,197.29013061523438,4.059456540372364
2025-04-14,201.64117431640625,2.205403629468683
2025-04-15,201.26280212402344,-0.1876462947934865
2025-04-16,193.42697143554688,-3.893332799593996
2025-04-17,196.1251983642578,1.394958990819961
2025-04-21,192.32177734375,-1.9392821790516823
2025-04-22,198.8732452392578,3.4065138051412314
2025-04-23,203.71212768554688,2.4331490344352558
2025-04-24,207.4657745361328,1.842623163005852
2025-04-25,208.37181091308594,0.43671606990545175
2025-04-28,209.2281036376953,0.41094460947337375
2025-04-29,210.29345703125,0.5091827412437189
2025-04-30,211.57785034179688,0.6107623740076784
2025-05-01,212.39430236816406,0.3858872869008989
2025-05-02,204.4589080810547,-3.736161563013196
2025-05-05,198.0269012451172,-3.1458677424745063
2025-05-06,197.6485595703125,-0.1910556961836063
2025-05-07,195.3983612060547,-1.1384845754250583
2025-05-08,196.63299560546875,0.6318550430994163
2025-05-09,197.66847229003906,0.526603727610353
2025-05-12,210.15048217773438,6.314618483710666
2025-05-13,212.28399658203125,1.0152317435524472
2025-05-14,211.6858367919922,-0.2817733789027832
2025-05-15,210.80850219726562,-0.4144512490878882
2025-05-16,210.6190643310547,-0.08986253601558358
2025-05-19,208.14659118652344,-1.1739075721298287
2025-05-20,206.232421875,-0.9196255872420789
2025-05-21,201.47689819335938,-2.30590497769696
2025-05-22,200.7490997314453,-0.36123171859415715
2025-05-23,194.67758178710938,-3.0244309700308447
2025-05-27,199.60260009765625,2.529833309688767
2025-05-28,199.8119659423828,0.1048913414074315
2025-05-29,199.3433837890625,-0.23451155745869423
2025-05-30,200.24066162109375,0.45011668557843887
2025-06-02,201.08807373046875,0.4231968185255619
2025-06-03,202.6533203125,0.7783885702387527
2025-06-04,202.2046661376953,-0.22138999455466601
2025-06-05,200.0213165283203,-1.0797721195455523
2025-06-06,203.30133056640625,1.6398322413909039
2025-06-09,200.8388214111328,-1.2112607174841306
2025-06-10,202.0551300048828,0.6056142857262303
2025-06-11,198.1769256591797,-1.9193793028711492
2025-06-12,198.5956573486328,0.21129184846335747
2025-06-13,195.85400390625,-1.3805203391582088
2025-06-16,197.81802368164062,1.0027978679112204
2025-06-17,195.04644775390625,-1.4010735099622806
2025-06-18,195.98361206054688,0.48048263243587463
2025-06-20,200.39019775390625,2.248446003739346
2025-06-23,200.888671875,0.24875174867879934
2025-06-24,199.69232177734375,-0.595528899907638
2025-06-25,200.948486328125,0.6290500003209187
2025-06-26,200.39019775390625,-0.27782671291542993
2025-06-27,200.469970703125,0.03980880807190612
2025-06-30,204.54754638671875,2.0340082204292953
2025-07-01,207.18951416015625,1.2916154801693835
2025-07-02,211.7954864501953,2.223072103194701
2025-07-03,212.90211486816406,0.5224985841371987
2025-07-07,209.3130340576172,-1.6857891772326217
2025-07-08,209.37286376953125,0.028583844376162126
2025-07-09,210.4994354248047,0.538069564025978
2025-07-10,211.76559448242188,0.6015023532305319
2025-07-11,210.5193634033203,-0.5884955401501801
2025-07-14,207.98707580566406,-1.2028763324753222
2025-07-15,208.47560119628906,0.23488257081967223
2025-07-16,209.52239990234375,0.5021204879841479
2025-07-17,209.38282775878906,-0.06661442577010623
2025-07-18,210.539306640625,0.5523274731814354
2025-07-21,211.8353729248047,0.6155934988386624
2025-07-22,213.74952697753906,0.9036045426718431
2025-07-23,213.50030517578125,-0.1165952529962766
2025-07-24,213.11148071289062,-0.18211892604579338
2025-07-25,213.2311248779297,0.056141585914959435
2025-07-28,213.40061950683594,0.07948869050111718
2025-07-29,210.62904357910156,-1.2987665800312187
2025-07-30,208.415771484375,-1.0507915039244642
2025-07-31,206.94027709960938,-0.7079571638254123
2025-08-01,201.76600646972656,-2.500369044829398
2025-08-04,202.7330780029297,0.47930350118132736
2025-08-05,202.3043670654297,-0.21146570738387327
2025-08-06,212.60302734375,5.0906762062084
2025-08-07,219.36245727539062,3.179366736256095
2025-08-08,228.6541748046875,4.2357829341927555
2025-08-11,226.747802734375,-0.8337359560309343
2025-08-12,229.21310424804688,1.0872438382831362
2025-08-13,232.88612365722656,1.6024473911425474
2025-08-14,232.337158203125,-0.23572269806403368
2025-08-15,231.1494140625,-0.5112157477567991
2025-08-18,230.4507598876953,-0.30225219373292145
2025-08-19,230.1213836669922,-0.1429269406026834
2025-08-20,225.5800323486328,-1.9734590701623533
2025-08-21,224.47215270996094,-0.4911248691371939
2025-08-22,227.3267059326172,1.2716736522523586
2025-08-25,226.72784423828125,-0.2634365777127168
2025-08-26,228.87376403808594,0.9464738691509877
2025-08-27,230.05152893066406,0.5145914812595631
2025-08-28,232.11758422851562,0.8980837064874514
2025-08-29,231.69837951660156,-0.18060015285242814
2025-09-02,229.28298950195312,-1.0424716908628007
2025-09-03,238.01634216308594,3.808984120498149
2025-09-04,239.32383728027344,0.5493299768011717
2025-09-05,239.2340087890625,-0.03753428502223377
2025-09-08,237.42745971679688,-0.7551389041256629
2025-09-09,233.9041748046875,-1.4839416284502027
2025-09-10,226.35855102539062,-3.225946602106422
2025-09-11,229.59239196777344,1.4286365271970913
2025-09-12,233.6247100830078,1.7562943095258854
2025-09-15,236.24969482421875,1.123590368620797
2025-09-16,237.6969451904297,0.6125935389198034
2025-09-17,238.5353546142578,0.3527220020250743
2025-09-18,237.42745971679688,-0.46445731252398037
2025-09-19,245.032958984375,3.203293872010393
2025-09-22,255.5928192138672,4.309567281585802
2025-09-23,253.9459686279297,-0.6443258425658294
2025-09-24,251.8300018310547,-0.8332350414175016
2025-09-25,256.3813171386719,1.8072966979806315
2025-09-26,254.97401428222656,-0.5489100657377954
2025-09-29,253.9459686279297,-0.4031962461707783
2025-09-30,254.14559936523438,0.07861150085717306
2025-10-01,254.9640350341797,0.3220341689919026
2025-10-02,256.6408386230469,0.657662791005964
2025-10-03,257.5291442871094,0.3461279462880995
2025-10-06,256.20166015625,-0.5154694760991507
2025-10-07,255.99209594726562,-0.08179658510275578
2025-10-08,257.569091796875,0.6160330239001643
2025-10-09,253.55670166015625,-1.557791778791151
2025-10-10,244.80340576171875,-3.4522045132806656
2025-10-13,247.18885803222656,0.9744359001401026
2025-10-14,247.29864501953125,0.04441421356069508
2025-10-15,248.86566162109375,0.6336535331355142
2025-10-16,246.97926330566406,-0.757998633938417
2025-10-17,251.81002807617188,1.955939420116093
2025-10-20,261.7411193847656,3.94388237214669
2025-10-21,262.27008056640625,0.20209326791449378
2025-10-22,257.9583435058594,-1.6440064574789193
2025-10-23,259.0861511230469,0.4372053262009956
2025-10-24,262.3200378417969,1.2481897255921526
2025-10-27,268.2986145019531,2.2791155068992097
2025-10-28,268.4882507324219,0.07068103233436318
2025-10-29,269.1869201660156,0.26022346664624774
2025-10-30,270.8836669921875,0.6303229091240592
2025-10-31,269.85565185546875,-0.3795042898427692
2025-11-03,268.53814697265625,-0.4882257880291285
2025-11-04,269.5262756347656,0.3679658451690937
2025-11-05,269.6260986328125,0.03703646251622672
2025-11-06,269.25677490234375,-0.13697625428008564
2025-11-07,267.9592590332031,-0.48188791892468386
2025-11-10,269.1781311035156,0.4548721603090611
2025-11-11,274.99267578125,2.160110352909128
2025-11-12,273.21435546875,-0.6466791551621554
2025-11-13,272.6948547363281,-0.19014401037990014
2025-11-14,272.15533447265625,-0.19784761402760198
2025-11-17,267.2099609375,-1.817114312581336
2025-11-18,267.19000244140625,-0.007469218596389826
2025-11-19,268.3089294433594,0.4187757744410714
2025-11-20,266.0010986328125,-0.8601393980195771
2025-11-21,271.2361755371094,1.968065895668869
2025-11-24,275.6620788574219,1.6317525903571717
2025-11-25,276.7110900878906,0.3805424506761135
2025-11-26,277.29052734375,0.20940152983219829
2025-11-28,278.5893249511719,0.46838874009274
2025-12-01,282.8353576660156,1.524118957389331
2025-12-02,285.9224548339844,1.0914820528252767
2025-12-03,283.8843688964844,-0.7128107299873898
2025-12-04,280.4375915527344,-1.2141483369261685
2025-12-05,278.5193786621094,-0.6840070477014848
2025-12-08,277.6302185058594,-0.31924534677664207
2025-12-09,276.9208679199219,-0.25550193698475887
2025-12-10,278.5193786621094,0.5772445948890148
2025-12-11,277.77008056640625,-0.26902907054526803
2025-12-12,278.0198669433594,0.08992558753764257
2025-12-15,273.8537292480469,-1.498503592968503
2025-12-16,274.353271484375,0.1824120627094583
2025-12-17,271.58587646484375,-1.0086976563313366
2025-12-18,271.935546875,0.12875132341483297
2025-12-19,273.4141845703125,0.5437456457254575
2025-12-22,270.7166748046875,-0.9866019825797601
2025-12-23,272.1053771972656,0.5129726100470355
2025-12-24,273.55401611328125,0.5323815835382772
2025-12-26,273.1444091796875,-0.14973530252399003
2025-12-29,273.50408935546875,0.13168132449112857
2025-12-30,272.82470703125,-0.2483993295382736
2025-12-31,271.6058349609375,-0.4467601499789753
2026-01-02,270.75665283203125,-0.3126523879828924
2026-01-05,267.0101623535156,-1.3837113287258118
2026-01-06,262.1147155761719,-1.8334308830022295
2026-01-07,260.08660888671875,-0.773747740562758
2026-01-08,258.7978515625,-0.4955108337700187
2026-01-09,259.1275329589844,0.1273895414872772
2026-01-12,260.0067138671875,0.33928502238405045
2026-01-13,260.8059387207031,0.30738623692765366
2026-01-14,259.71697998046875,-0.41753602144793955
2026-01-15,257.9685974121094,-0.673187624656213
2026-01-16,255.29112243652344,-1.0379073276537754
2026-01-20,246.46937561035156,-3.4555634923675638
2026-01-21,247.41848754882812,0.3850831106810837
2026-01-22,248.1178436279297,0.28266120532465244
2026-01-23,247.80812072753906,-0.12482895057522869
2026-01-26,255.17123413085938,2.9712962519965025
2026-01-27,258.0285339355469,1.1197578028024013
2026-01-28,256.2002868652344,-0.7085445328186779
2026-01-29,258.0385437011719,0.7175077196164281
2026-01-30,259.2374267578125,0.46461394466286166
2026-02-02,269.7575988769531,4.058122413384724
2026-02-03,269.22808837890625,-0.19629122599374993
2026-02-04,276.23150634765625,2.6012954335186356
2026-02-05,275.6520690917969,-0.20976508564164442
2026-02-06,277.8599853515625,0.8009793893585249
2026-02-09,274.6199951171875,-1.166051394653178
2026-02-10,273.67999267578125,-0.3422920610733904
2026-02-11,275.5,0.6650129249217152
2026-02-12,261.7300109863281,-4.998181130189428
2026-02-13,255.77999877929688,-2.2733396848946263
2026-02-17,263.8800048828125,3.1667863563111576
2026-02-18,264.3500061035156,0.17811172199722058
2026-02-19,260.5799865722656,-1.4261469431454121
